image_1.png,535.1488,382.77554,3.2576056,539.9989,373.77863,12.524502,539.49695,372.35632,12.482934,538.9798,370.86877,12.441707,540.30884,373.73962,-17.208078,540.0613,372.37573,-17.24925,539.7374,371.0083,-17.24532,529.37976,359.02234,74.57725,529.6273,361.79837,-59.989353,525.08044,382.90836,30.638138,525.4772,382.15475,-8.896331,459.20926,330.96713,172.0881,481.7441,355.1147,-129.42438,401.724,308.99933,314.66785,429.31335,355.98755,-302.3769,408.9125,353.35834,429.94507,454.28958,419.95944,-461.2314,422.9327,351.7098,466.619,472.75296,423.05026,-507.19376,427.97043,355.719,432.5558,475.45728,415.4701,-466.73416,424.44482,358.04706,420.4428,469.87823,413.78906,-449.5125,317.8407,317.15088,92.21317,322.59854,334.504,-91.9656,206.95686,338.64835,90.52811,208.56987,365.72675,-87.22165,96.91397,344.16492,134.42757,85.37897,356.68173,-70.11294,76.814575,331.41827,134.40317,57.52306,341.20505,-70.93029,83.37265,379.6963,82.28519,73.40895,391.78995,-131.30157
image_10.png,92.11625,154.16563,-29.692675,88.759895,150.72316,-32.74507,88.91453,149.5823,-32.77569,89.03872,148.32251,-32.808804,88.117355,152.73213,-22.734499,87.87779,152.992,-22.72567,87.62309,153.31696,-22.75322,91.22662,142.92566,-30.66009,90.04634,149.31837,13.549064,97.376755,152.56511,-27.537312,96.49235,154.44188,-14.543977,112.6671,137.11028,-53.6415,113.512566,135.3273,59.72115,130.23447,140.09314,-117.260666,135.10199,132.27505,104.930786,117.02914,166.15323,-156.28918,126.978615,150.0124,129.37029,109.14918,169.43004,-169.09203,119.78843,151.49586,137.589,107.590324,167.85695,-157.67583,119.05767,149.09135,131.24481,110.289505,166.25142,-152.47073,121.31987,149.32445,127.25621,175.98286,109.78926,-37.534286,174.58234,116.34895,37.601524,228.62775,126.7063,-60.01368,223.4152,126.19922,27.961977,283.61066,130.41458,-81.05034,274.70297,127.88227,32.054707,296.51242,124.00508,-83.917946,284.12744,122.83902,30.943563,283.14142,153.77672,-112.074554,276.09903,148.6775,11.107485
image_11.png,88.064285,150.94173,1.311781,84.4985,147.78058,-5.686329,84.58127,146.69342,-5.7120457,84.61337,145.49747,-5.7355757,84.27559,149.33942,6.005214,84.2174,149.44135,6.0088816,84.14243,149.52814,5.967888,87.49146,139.33603,-18.621235,86.62224,144.8992,32.39696,93.63568,148.65315,-1.9373785,93.37425,150.61867,13.037247,107.58035,135.76251,-47.96304,109.616165,128.77174,73.38318,124.92999,135.11246,-107.053566,131.48463,129.78735,121.817764,114.7763,163.27272,-140.84532,125.34613,145.42091,151.43558,106.55619,166.70253,-153.50807,120.44085,145.4127,163.54553,105.65298,164.93271,-140.95319,120.212875,144.97563,156.26929,108.31774,163.18353,-136.15283,120.94497,145.8647,149.34975,171.60968,107.6726,-38.613796,170.72383,109.67867,38.6536,227.50417,124.59515,-52.048077,222.4084,124.13205,39.952843,282.40198,127.80059,-67.00369,273.3397,124.99789,43.775475,293.01904,123.08835,-69.27132,283.8271,121.383934,43.02248,281.09012,151.19862,-96.30229,274.0907,148.59814,24.929424
image_12.png,90.81829,153.46802,9.652406,85.37254,151.64137,-1.0724856,85.32298,151.39441,-1.0871409,85.305954,151.21033,-1.0905169,85.41564,151.35085,13.044375,85.383156,150.85492,13.047316,85.38188,150.41917,13.015532,87.26345,146.11322,-26.389162,87.01944,145.62584,36.436443,94.97647,152.66595,2.688058,94.90539,152.38528,21.091253,103.05115,141.86589,-58.651054,105.11394,122.98115,78.79892,111.98882,139.79712,-129.05563,127.25168,132.14552,130.16951,101.92494,167.1156,-178.50992,116.72529,146.04489,166.1343,93.285835,169.416,-193.86235,110.874535,147.69165,177.94212,92.791176,168.25021,-182.11127,109.38045,149.69952,168.89787,95.79157,166.957,-174.49332,111.89236,149.9067,163.14313,174.73701,125.617096,-45.408268,173.29414,114.64516,45.465485,228.49887,132.96086,-61.19182,225.14531,124.70281,65.35076,284.8875,129.09483,-80.62484,274.58014,125.547134,83.27937,295.40445,125.327446,-83.80065,284.8609,121.21287,83.614006,283.3168,152.02785,-114.32124,276.83295,145.6267,65.96279
image_13.png,78.59296,154.19888,5.5019712,75.79036,151.05415,-5.2845154,75.99343,150.59445,-5.307597,76.19942,150.11523,-5.3325567,75.46881,150.94833,11.287881,75.42571,150.39308,11.298794,75.37498,149.80008,11.275164,79.822655,144.57317,-34.464375,78.778915,143.79572,38.78767,83.182,154.15152,-3.493324,83.14779,154.27965,17.763226,105.161125,144.50807,-70.87061,107.57696,128.52408,85.88641,131.0743,142.11423,-129.88576,135.24767,131.31412,133.66483,121.232414,167.45453,-178.8773,124.97546,144.5715,170.52026,113.60937,170.62762,-195.90282,116.57306,142.87639,184.04384,111.39739,168.72604,-182.29208,118.47457,148.40605,175.72906,113.585175,167.16129,-174.33778,120.53221,148.91925,167.8957,173.57008,135.45888,-46.917694,174.30173,127.93121,46.989082,229.77217,139.03075,-42.236732,227.51137,133.69067,44.720093,280.74133,131.71391,-26.927364,278.67282,127.83597,59.062225,282.21222,128.98177,-26.341387,281.2103,125.26848,58.807457,281.66428,152.25545,-55.011204,280.68756,148.2545,30.264534
image_14.png,236.35022,212.00061,-147.90923,242.28783,209.26027,-143.67664,242.72734,208.47597,-143.69203,243.20718,207.5492,-143.77692,241.36134,209.03381,-156.611,241.11414,208.16359,-156.66255,240.86996,207.15146,-156.65767,240.66891,198.08672,-109.182236,238.08502,197.69455,-166.06335,230.65465,209.09258,-131.34636,229.8672,208.28229,-147.93083,225.23834,173.63445,-64.2788,198.30803,173.35052,-152.94296,219.8973,173.3245,10.588901,148.94853,151.21645,-135.80272,226.89784,197.41132,56.149258,144.02556,191.51451,-120.95268,237.67761,202.14824,56.4551,139.75476,201.96516,-135.28357,234.56325,202.92781,48.847115,147.5591,203.34709,-133.25095,229.46751,202.25635,53.244335,150.29237,200.34277,-120.2282,156.78745,171.12294,33.414024,141.09726,168.339,-33.438316,114.92308,186.3046,110.93399,106.74963,187.01915,61.412937,84.35786,186.72975,206.64531,71.73194,190.2692,159.27621,78.490005,181.78017,217.05684,64.4479,187.04195,169.15121,78.32386,207.43909,212.31633,70.43003,208.87953,158.05797
image_15.png,239.61359,207.41855,-163.38548,244.50203,203.07048,-159.17409,244.80434,202.07028,-159.17267,245.15273,200.96747,-159.25441,243.55276,202.78828,-171.02591,243.11739,201.64139,-171.08052,242.63759,200.37788,-171.08012,241.79012,190.62518,-122.14374,238.41049,190.29503,-174.2123,233.75824,204.45935,-145.69006,232.66214,203.46666,-160.83882,227.36552,169.59789,-75.37427,198.02042,170.31902,-154.89261,224.87282,168.38136,0.07066039,148.28896,147.2149,-135.60695,231.74884,193.0572,49.58199,146.184,190.25308,-121.59629,241.67873,197.32254,50.551888,142.24773,199.83913,-134.61902,238.9946,198.213,44.08928,149.79083,200.67357,-132.1219,233.4049,197.86072,47.314857,152.05501,197.62624,-120.42734,158.13858,169.11913,32.332123,141.33762,168.85687,-32.39788,117.114784,179.1724,115.985535,106.81545,182.69666,65.191864,91.681,185.38904,212.10475,75.78185,187.20157,162.58246,81.53279,178.40865,222.82162,69.03792,184.50345,173.01907,86.59961,204.0256,220.29768,77.00075,204.87335,164.92125
image_16.png,234.43321,201.76602,-154.43346,239.70024,199.20308,-149.47592,239.9263,198.36671,-149.49283,240.15976,197.43103,-149.5456,239.1966,198.87628,-164.06494,239.0545,197.83244,-164.10469,238.91727,196.66106,-164.1272,237.337,187.79549,-110.77476,235.95987,187.01169,-175.69185,228.7481,197.73656,-136.22632,228.08582,196.85307,-155.11432,220.63593,169.47032,-56.900425,198.45447,168.44658,-166.69113,212.1932,168.7333,25.195324,145.15883,147.90648,-162.25098,221.74315,190.44899,68.38926,147.58374,190.3981,-158.85123,229.06023,192.342,69.7937,144.4441,199.19998,-175.04398,229.84372,194.46667,64.026535,151.43892,199.9457,-173.37149,225.21329,194.72813,66.12857,152.98418,197.35855,-157.81174,149.8631,172.74245,38.302406,134.84224,172.09404,-38.29531,111.316055,185.43935,151.53448,99.95765,186.83138,85.43224,84.220955,188.51103,285.1054,68.59192,190.86435,216.60501,73.242874,184.15524,299.0789,62.306065,187.9364,229.71404,82.83516,208.36763,289.3727,69.88471,209.56104,209.36342
image_17.png,248.56322,202.49089,-145.06503,254.28256,200.23006,-138.7404,254.5662,199.50682,-138.75243,254.88905,198.64156,-138.79109,253.74397,199.6747,-155.2295,253.6401,198.60553,-155.28482,253.55719,197.40247,-155.29445,252.98611,189.50745,-96.9089,251.10103,188.37294,-170.78537,243.25226,199.03189,-126.20669,242.58347,198.11067,-147.5709,230.43413,174.3044,-48.41143,209.665,173.51242,-165.42778,194.98862,161.2055,9.458161,168.39941,151.93509,-156.57906,178.46576,185.6969,13.911619,162.37051,185.05385,-126.334114,178.83038,189.949,11.468557,156.79785,194.30264,-139.66144,185.31606,194.10995,0.38629302,164.84856,195.18268,-135.56277,186.09836,192.81474,8.765128,166.9394,192.7382,-124.074394,155.59375,186.47577,42.379272,143.88918,186.92047,-42.37903,117.397804,190.90623,157.29747,103.534515,188.9732,73.5935,89.162605,185.82452,281.41034,71.77994,188.48431,196.21623,83.596664,181.1987,294.03964,66.11413,182.68077,208.21991,86.72343,204.32407,285.7119,69.54502,207.53255,187.98653
image_18.png,250.36833,203.28328,-132.00948,256.18127,200.43172,-127.07074,256.48776,199.57726,-127.08381,256.85455,198.57591,-127.132164,255.69124,199.98499,-141.76936,255.62077,198.8988,-141.82886,255.57674,197.70802,-141.8352,254.84465,189.51608,-92.449104,253.02216,188.8449,-157.81953,245.50458,199.55415,-115.99471,244.8499,198.70831,-134.89746,232.40823,173.84477,-51.967533,211.27432,173.8108,-152.00835,196.4169,160.0665,8.373078,168.86545,152.31924,-143.44336,183.9646,184.0404,30.167849,162.27592,188.55774,-119.70633,184.96837,188.38646,28.498758,157.03352,197.6047,-132.90443,186.47098,190.14099,18.282907,164.90587,198.65234,-128.81055,189.97575,192.32257,25.820219,167.27191,196.48027,-117.78157,158.63054,185.59091,35.796814,147.71635,185.03108,-35.76066,119.481575,189.65015,129.04956,106.549866,188.49043,64.20283,91.20278,187.80235,236.92352,73.71529,189.6138,169.20428,84.74273,183.61348,247.90804,68.16211,184.91289,179.18173,87.794914,204.77582,239.5323,71.627686,207.96526,161.13087
image_19.png,231.96913,119.65878,99.28693,233.23047,118.14494,96.06971,232.17448,117.28075,96.02581,231.2978,116.315605,95.96285,235.60103,120.54004,90.6104,235.95279,121.02886,90.59438,237.00986,121.55613,90.514404,225.79994,114.19859,75.650795,233.50005,124.02179,49.17207,224.9911,118.61929,92.75264,227.01373,120.27255,85.32429,181.25822,104.74805,49.69352,217.17215,144.93399,1.5074067,133.1613,99.82471,72.59855,236.92429,178.96187,-11.106827,124.79874,132.66956,77.485794,231.39867,186.63286,65.34772,116.58818,138.06781,77.701904,232.27974,188.89989,77.42786,121.27368,140.48836,76.88948,227.01079,184.91013,85.16322,120.34524,138.98088,76.59156,226.37695,184.34775,69.8144,94.38265,124.18269,21.649313,110.99868,152.4978,-22.112417,55.191643,157.03531,149.5551,69.01851,188.61224,72.09163,24.345411,167.66785,100.259476,23.50267,187.94902,34.704117,19.650333,166.80817,96.79575,16.053505,181.66727,34.379585,19.999979,180.77759,107.16998,13.759871,205.49934,41.850655
image_2.png,269.1692,124.94837,3.227408,271.96613,120.59126,6.7576237,271.77643,119.84368,6.7340755,271.55133,119.00822,6.7026987,272.0893,120.76832,-4.8192177,272.01907,120.18758,-4.8291492,271.9051,119.57006,-4.8325505,267.58405,113.16328,33.101208,268.0726,114.977974,-19.525564,264.47037,124.80623,14.837051,264.7096,124.87915,-0.59163755,232.9904,103.121956,69.65834,244.06645,111.87037,-47.513153,209.33913,107.754906,132.95207,224.23238,121.05671,-120.404236,218.30394,125.50792,185.77191,234.97444,150.30133,-178.30377,224.11197,124.47344,198.76422,246.69789,152.12076,-193.3166,227.93396,122.6754,188.38228,246.69833,149.1025,-179.7012,226.38107,125.02489,183.44835,243.12291,147.80417,-174.0042,161.93164,99.04428,34.196526,165.3063,107.17748,-34.08382,106.23882,111.022,32.71075,108.45726,122.92628,-33.699635,48.880287,110.15926,46.86282,45.36484,115.298256,-26.339195,39.931297,105.09041,46.280785,34.205338,107.92807,-25.615248,40.283848,127.42806,23.937836,36.267815,130.42445,-46.271187
image_23.png,24.428883,131.75745,-22.803707,20.224161,128.20566,-36.904655,20.431185,127.79193,-36.93454,20.727386,127.40309,-36.966133,19.913588,127.8422,-20.686846,19.936953,127.126785,-20.688168,20.02099,126.37005,-20.722275,24.766254,121.8224,-72.10978,23.686209,119.81533,-1.2300783,29.846954,130.38077,-32.573135,29.889784,129.99849,-11.885185,57.58465,121.16762,-95.71922,52.573795,103.63202,54.271263,102.18873,139.53012,-94.616135,88.598114,119.94698,115.5995,88.26225,169.86594,-72.66362,75.292274,143.86673,154.06847,76.61255,173.6677,-82.09663,65.29891,146.65874,163.17558,73.746025,170.40665,-77.265945,62.707428,151.01968,154.9841,77.40836,168.05183,-69.869705,68.2059,147.31552,151.33955,150.97348,117.754074,-45.463375,146.60655,104.45621,45.482327,213.04106,118.24596,0.37393725,204.9111,113.08663,96.5137,276.52075,118.71547,34.497944,254.27692,111.004425,151.37582,286.27966,113.30258,37.235287,269.31647,104.17315,156.77829,278.20502,140.40994,15.693637,262.33005,128.7853,151.66365
image_24.png,13.296741,142.4185,-20.341022,9.32764,139.46974,-33.297802,9.753227,139.43628,-33.320786,10.259739,139.40427,-33.349808,9.179988,138.03111,-17.409046,9.472107,136.93007,-17.416605,9.822534,135.73839,-17.429008,15.842585,133.78825,-64.32963,14.828423,129.41501,5.0212073,19.59063,142.49446,-28.947763,19.474236,140.75166,-8.748326,50.59997,137.44296,-91.61227,43.801704,112.170364,63.468403,97.444824,149.18845,-87.85265,79.60008,123.7431,128.11325,77.690506,174.67044,-43.7348,59.07335,144.86034,187.21834,66.83079,178.92361,-49.523636,49.363308,147.10489,201.71165,62.76904,173.98286,-42.06614,49.117622,147.12949,196.03874,64.74977,170.8324,-39.38245,52.360065,147.92227,186.10597,134.59248,132.06563,-47.92194,130.562,113.7325,47.910057,198.55762,130.6325,-22.83447,193.49083,122.17832,65.100655,259.15808,122.93194,5.716784,254.21239,119.82146,98.881065,263.44125,118.85704,8.380082,259.11435,115.56955,101.198265,265.01883,139.93912,-12.602858,262.87527,136.3067,83.180435
image_25.png,22.306519,144.51208,-12.646391,16.7945,141.59236,-28.319138,16.980919,141.31226,-28.344816,17.184074,141.00229,-28.368118,16.487188,140.8022,-10.486,16.467102,139.95584,-10.4942,16.427364,139.01738,-10.529306,20.895357,134.64268,-69.12958,19.684193,132.07457,9.263071,28.541122,143.67027,-24.301472,28.456308,142.61624,-1.4973978,53.64247,135.78685,-98.18371,50.321064,116.32332,67.344734,99.81091,152.05916,-103.83318,84.517555,132.04893,128.39357,83.87933,181.53804,-84.660355,70.10858,158.04724,162.49187,73.418495,184.13707,-96.82727,59.5602,160.02786,173.31711,69.81917,180.2147,-88.46984,59.18532,160.92014,162.9452,72.59502,178.54405,-80.791534,63.46499,160.22946,158.79802,145.10458,134.96988,-51.121544,141.17972,119.4498,51.107826,211.15915,133.37202,-14.912,200.33887,126.82835,97.33035,275.34192,127.797676,18.470701,254.6083,119.69605,155.36551,282.00284,122.717316,20.968052,266.87405,114.31432,160.92232,279.7483,151.70186,-6.862602,263.8297,140.98053,145.65878
image_26.png,101.0651,165.15672,-210.79343,101.84391,162.9814,-222.04355,103.829605,162.66687,-222.02704,105.5209,162.44728,-222.06909,98.209335,161.87697,-211.71516,97.19844,161.13235,-211.73544,96.44412,160.08228,-211.71527,114.14875,156.72008,-225.55072,101.62934,152.48906,-179.53188,108.07973,164.15436,-206.96854,103.45256,162.98102,-193.71239,157.07845,145.98914,-191.66733,109.66182,129.14896,-128.27667,208.48456,157.74771,-170.53702,99.80237,132.98639,-53.058815,194.9498,190.11388,-163.29965,84.25368,159.52843,-12.732572,189.39508,196.44817,-182.71692,72.79296,163.02113,-13.380877,182.35104,192.87589,-181.30359,77.55046,163.1434,-24.698246,183.18199,190.23996,-163.46184,85.12748,162.29747,-15.378322,186.04102,118.28599,-29.236538,162.69675,111.78467,29.174236,217.275,111.58671,90.2169,198.55844,112.71608,148.6478,243.63472,103.253365,223.86377,223.8859,106.66763,288.28204,248.27664,96.2902,238.36037,229.26385,101.78163,304.73944,249.25552,120.12023,228.31413,227.73254,120.998535,304.35123
image_27.png,206.36703,100.17855,-81.65825,208.15768,103.29392,-85.232666,207.99608,103.96977,-85.228325,207.8313,104.63381,-85.27569,208.16367,102.1823,-76.61913,208.03622,102.02199,-76.61308,207.89488,101.86029,-76.61108,205.12633,107.11986,-84.087524,205.25769,103.748,-44.030952,203.28384,100.55899,-80.07972,203.39796,99.10241,-68.75192,191.33852,106.288315,-86.991165,188.23802,101.35255,0.20246811,189.67513,112.5527,-77.69196,179.71559,103.122345,15.870643,200.28537,112.96134,-42.396088,190.85307,107.02562,2.3740609,202.75697,112.59957,-45.36099,192.41,108.756996,3.9239907,201.9044,113.58791,-43.71519,192.9394,107.534134,-0.7412713,200.71683,113.64528,-40.51875,192.51427,107.14242,-0.021139802,141.7668,106.73936,-35.899624,142.3768,105.06727,35.989777,106.26849,110.93988,-56.48265,108.59112,111.52897,37.858784,123.87181,130.85492,1.2293012,125.0237,130.34035,81.17272,128.82396,128.09471,8.626707,129.17238,129.83546,86.070404,126.50574,146.8202,23.7439,127.119286,141.06725,95.33997
image_28.png,189.79773,177.4342,-144.90137,193.5358,172.76357,-142.90561,193.64565,171.93863,-142.94974,193.77148,170.98439,-143.04428,192.36604,172.49771,-152.37828,191.6503,171.58324,-152.43184,190.88922,170.5506,-152.4259,188.28241,161.55757,-114.84795,184.68768,161.51526,-156.41971,183.78601,176.79085,-130.87941,182.60226,176.11143,-142.9316,171.40762,145.09995,-78.59924,137.09439,152.66107,-141.196,152.70416,154.49199,-12.762968,89.6418,157.70387,-118.47452,159.91693,182.28912,7.1935105,104.12265,198.57811,-109.14518,166.90958,185.52737,2.107947,107.33974,206.84341,-127.049866,166.36525,185.76292,-10.001716,113.52339,203.73637,-128.74579,162.70528,184.25404,2.4803827,113.64745,200.73914,-110.98709,113.12359,150.01492,25.117954,93.16921,158.72697,-25.061262,90.03039,156.11244,126.210236,71.84737,161.73328,79.090904,72.02766,156.26534,236.02351,57.50777,160.11047,189.67407,64.85664,157.98732,249.08176,55.66841,158.0459,202.03769,71.453865,177.66092,254.03198,58.76334,175.16786,199.28084
image_29.png,180.63953,167.83284,-175.84096,183.5301,162.28003,-175.10173,183.79143,161.32707,-175.13269,184.077,160.30457,-175.21158,181.88626,162.49196,-184.85712,181.02771,161.73645,-184.91026,180.1086,160.83844,-184.89603,178.65794,153.28232,-149.1421,172.9877,152.9947,-191.85579,175.83585,166.92258,-162.1294,174.49094,166.8265,-174.56107,167.06046,138.59818,-111.46479,130.54022,148.1998,-170.63933,161.8251,153.95743,-28.463139,82.678375,152.33421,-153.61113,169.8063,178.40132,-3.165537,99.0838,190.64478,-153.85104,177.22766,183.2094,-10.138155,102.55108,197.91443,-173.6217,175.13995,184.97208,-22.750706,109.72504,196.16277,-178.06992,170.00992,183.11487,-7.7307315,109.80492,193.1814,-156.614,108.82308,145.85837,24.659365,89.950294,154.76,-24.67284,98.31707,152.09566,152.49338,81.815834,156.47086,115.82285,76.96772,150.25797,298.61063,63.65039,155.25117,258.92548,74.06327,149.54381,315.44464,62.484303,152.70294,274.71252,74.71951,168.6821,317.1747,64.00959,170.7062,269.70718
image_3.png,265.8519,120.637985,-5.484146,269.002,116.94877,-2.1860006,268.80737,116.30612,-2.2050486,268.61203,115.584076,-2.2366767,269.31235,116.97719,-14.0554085,269.33652,116.377846,-14.0639925,269.3347,115.70133,-14.045824,264.87134,109.05217,24.480078,265.2881,110.58252,-29.34741,260.66135,119.89312,6.2452497,261.08142,119.668015,-9.545749,227.46735,94.40306,60.701862,238.88455,104.39247,-53.682686,210.60234,104.68842,119.668686,223.21439,121.39164,-125.85751,225.79195,116.7272,175.9859,239.61642,137.57794,-175.57533,233.42865,114.16211,189.42763,252.08517,140.07635,-189.29582,235.82169,117.16435,183.728,252.7327,135.55511,-176.57288,232.88054,118.745384,175.42822,247.71793,136.24092,-171.76181,157.12895,93.494705,34.471848,159.80803,101.93514,-34.40335,99.881714,99.935036,33.684574,99.96047,115.65526,-31.222868,38.34735,96.87687,44.96438,38.86302,102.33206,-21.933937,30.106993,89.784645,44.284496,28.68723,96.21444,-21.082972,24.001036,112.73122,21.420156,32.438652,121.83708,-41.532288
image_30.png,218.49837,185.8025,-210.19795,228.94725,185.93571,-209.72977,229.40666,186.65497,-209.75728,229.99834,187.37137,-209.85532,223.71182,180.85182,-217.46077,222.4601,177.53148,-217.51979,221.20674,174.28279,-217.51685,226.53728,178.49837,-171.80595,221.71048,153.20296,-204.81003,207.95656,183.1397,-190.64162,206.30367,175.43785,-199.92842,215.84418,152.24309,-122.36612,155.33734,141.1015,-164.3675,214.35402,133.93044,-19.80123,90.947235,125.5144,-125.690384,212.36285,153.79636,67.533035,45.76426,184.92093,-110.35035,220.92549,156.4896,69.04011,35.703995,199.114,-125.92099,216.56192,158.78404,63.034004,52.50644,204.75647,-125.965614,209.65874,158.51556,66.214745,54.510155,201.08673,-111.02342,108.769844,140.388,20.049784,84.07415,134.22655,-19.91235,64.73525,136.16212,118.43886,51.99933,133.37108,83.63262,37.149513,143.98065,222.65147,30.454079,135.06401,196.64818,32.238758,141.67877,234.43257,30.57099,134.93134,209.48975,25.311996,158.8393,244.5931,21.206934,148.96405,216.05989
image_32.png,226.01868,200.38745,-174.78873,235.58502,199.30913,-174.59001,235.90807,199.06859,-174.63118,236.27896,198.80194,-174.70987,234.83589,196.80034,-184.75784,234.52513,194.35818,-184.81773,222.83813,189.54887,-184.83568,231.19174,184.83011,-146.44987,225.26526,166.67705,-190.06178,213.31891,194.64159,-159.28323,211.31126,189.34637,-171.69904,216.83174,145.51447,-104.180435,152.52606,147.39407,-155.72415,212.51512,135.03577,1.8237431,91.19449,130.02182,-109.16981,207.92493,162.98486,73.14877,51.305576,191.61372,-87.58897,213.72772,168.82967,71.803116,42.883316,203.95447,-103.655045,208.81807,171.16252,64.0657,57.10927,208.47733,-107.638275,202.59088,169.42183,70.97416,62.720154,204.56277,-89.67098,115.34749,141.29327,23.941366,86.46763,139.36853,-23.718197,82.35957,141.3358,129.29906,55.679848,138.59613,81.85826,48.789856,138.80519,244.26315,32.906578,136.61014,200.84212,42.59131,133.90012,257.74603,28.73231,133.07202,214.45367,36.06597,158.40253,274.4222,23.476273,157.68086,220.55667
image_33.png,222.2262,195.39409,-152.81392,233.31993,195.33675,-156.39323,234.05542,195.44003,-156.44864,234.99615,195.98752,-156.50615,230.31874,191.63712,-165.356,229.61922,189.56409,-165.40749,228.90883,187.34651,-165.45491,231.58438,182.3404,-143.32468,225.25345,167.50557,-184.71666,213.80609,191.62985,-142.98442,211.565,186.31105,-154.76555,218.40144,160.33035,-111.04696,178.18237,145.3668,-158.30371,188.55348,151.76782,-51.171333,106.89547,141.14743,-129.11255,192.16644,168.56978,9.572781,59.207832,184.4346,-100.17682,196.73668,169.7858,13.140101,43.864292,193.99997,-109.82433,196.71239,173.43376,11.69915,53.504467,204.94887,-107.10332,193.05244,173.07968,9.979813,59.677685,196.84631,-99.60784,116.79961,158.57167,9.550073,101.24291,148.32564,-9.356444,62.59858,150.87274,96.977936,58.183872,145.1429,75.77307,34.78552,161.06206,192.75798,25.864223,144.4458,178.51105,29.81002,161.79929,201.4723,21.977734,143.95735,187.59116,22.32519,167.45708,193.11705,9.884555,153.26845,174.49869
image_37.png,126.24911,152.94055,-18.579584,119.80211,147.92377,-36.53839,120.28545,146.85962,-36.61236,120.75848,145.75174,-36.70627,119.255974,148.46634,-15.35524,119.35722,147.74763,-15.332127,119.4314,146.92957,-15.398434,126.41699,138.16203,-80.06596,124.71617,139.07466,14.054874,135.81912,150.21475,-30.898663,135.51025,151.0839,-3.7270892,165.36649,137.25449,-120.507126,164.93436,118.28486,74.95057,189.27272,164.33601,-104.005516,184.83972,107.43118,187.47873,190.01863,179.16869,23.332224,185.63576,121.21217,286.54468,190.7273,181.13605,23.714098,186.15096,122.20994,303.1254,188.67548,180.23138,26.244598,184.37468,123.23695,288.13165,190.30968,178.20383,27.791199,185.23824,123.279884,281.9635,280.09256,117.9004,-59.04457,277.4289,131.30252,59.352333,346.8058,136.89775,-117.1511,331.36447,161.45032,-27.563898,408.25192,134.60922,2.9339762,399.35254,154.4119,64.37908,417.52875,128.45125,14.667827,409.4057,148.81319,73.65424,427.8698,150.34996,-9.755209,421.1569,169.06068,44.84832
image_38.png,104.56163,150.04755,-10.5187435,96.5728,146.24799,-29.655155,96.69905,145.07951,-29.721287,96.81348,143.89188,-29.808256,95.93199,147.27316,-10.113244,95.6126,146.82072,-10.110164,95.2526,146.36142,-10.158249,99.39483,135.84787,-74.202194,97.77588,138.42148,12.492784,112.47656,146.0541,-22.800781,111.6079,147.86119,2.4505148,138.22328,138.41158,-103.70565,135.22607,109.05172,58.64463,151.1385,172.39938,-43.885056,156.0069,95.193016,164.7182,136.01337,172.86938,142.70645,152.40208,108.34096,283.42117,134.67859,174.94443,158.64879,152.05342,110.88227,301.93048,133.8355,170.94765,152.99611,149.71576,111.783966,296.09296,136.2947,168.19942,146.20511,150.62585,111.26534,282.69064,247.37346,121.32285,-42.3414,244.71935,121.322556,42.34092,320.72885,117.64322,-26.84562,313.79468,132.9006,52.833794,381.72552,116.38974,51.34903,375.18994,130.20895,115.06139,391.98422,111.92738,59.59083,384.9927,125.9281,121.28532,397.33768,132.43785,43.899822,392.53006,143.84349,106.142685
image_39.png,102.37073,157.27187,-3.5814586,94.3389,154.3309,-23.569368,94.39508,153.48685,-23.64085,94.45075,152.69301,-23.715412,93.86755,154.05954,-5.100355,93.56989,152.9892,-5.1221437,93.22904,151.94075,-5.165448,96.73676,143.29134,-73.415596,94.969666,142.10641,8.445645,109.26391,153.44237,-17.917,108.85467,153.69531,5.8395348,136.7352,145.08112,-104.75268,132.94083,109.06414,48.168846,149.03812,167.59666,-40.975582,152.13136,97.9228,144.74805,148.60901,165.12656,141.93333,152.06374,113.223206,257.07782,148.7863,165.94403,157.00197,147.83769,119.82105,274.4274,148.03386,162.00023,151.13672,150.24272,118.53234,268.37616,149.43141,159.53697,145.2864,150.64046,118.03179,255.97147,244.40924,126.564255,-40.71295,241.9601,122.88712,40.697548,326.4257,131.06702,-31.344767,318.86206,134.27658,54.865913,379.04184,125.64716,73.68651,375.32968,131.6199,127.4194,388.7995,122.27372,84.31482,384.65128,127.70796,133.84166,392.46848,138.6853,66.8582,392.04425,142.73795,110.68847
image_4.png,193.64845,126.69821,-141.39787,194.59503,125.57437,-146.69492,195.33508,124.93868,-146.69666,196.06035,124.313446,-146.7203,192.31006,126.51558,-148.48817,191.51715,126.49655,-148.54086,190.71812,126.47987,-148.58841,196.4365,119.26261,-143.85263,188.54057,122.55579,-151.66786,193.63313,123.176025,-136.2539,191.44641,124.23651,-138.74109,196.15508,101.516304,-115.665596,174.18323,113.11419,-129.87672,191.39879,83.563675,-52.748447,156.95546,106.75318,-104.311035,190.6779,99.21798,-8.959754,151.90851,113.04828,-82.70613,192.75716,100.5226,-8.149227,148.6729,113.8891,-88.99899,190.99713,104.786964,-16.035084,151.88461,115.4625,-91.60492,189.49602,104.72409,-10.412315,153.57935,115.07679,-82.869156,154.48767,82.479485,-2.6133308,146.71562,88.89051,2.6205802,134.23926,76.987816,66.8041,128.42766,82.52415,89.53427,110.926796,91.787346,153.1307,112.708176,92.27277,184.15895,107.39715,94.54152,163.6205,110.90495,93.83469,195.21391,103.342186,97.89545,164.01414,106.72267,95.519966,197.01968
image_40.png,116.78602,149.53275,17.461771,108.82323,147.02881,-5.3926773,108.989395,146.52592,-5.4544196,109.17652,146.08789,-5.54881,108.1707,146.597,11.680726,107.858864,145.71143,11.689296,107.52651,144.80717,11.640501,111.40112,139.18425,-65.576096,109.294106,136.31879,10.781128,123.78567,146.62886,0.00018676148,123.16542,146.64,22.100115,148.65955,147.85579,-89.106346,145.1425,105.57879,35.684906,158.38866,167.9185,-4.188624,157.68405,99.40109,146.93265,150.77235,159.55899,186.28757,151.89146,115.23783,290.4635,151.1186,159.35172,204.39989,154.3133,113.647865,310.39694,150.7,155.48476,196.32611,152.97528,114.095985,305.86734,152.28424,153.96056,188.85005,153.75758,113.66849,290.82483,256.85464,127.57196,-32.042206,254.80226,129.59985,31.952892,333.89056,122.9854,-33.62396,327.52844,136.46098,41.76208,388.2502,119.59903,91.92715,387.9984,130.86223,131.74791,395.93582,116.67848,105.03876,396.08,127.55344,140.8222,406.32996,128.25223,89.67377,409.13065,136.93143,117.976654
image_41.png,118.01946,154.94391,-178.54704,111.96359,150.28758,-187.96341,113.34788,149.2744,-187.97453,116.03223,147.42484,-188.03618,107.8555,153.01057,-178.90755,106.76472,152.56062,-178.9464,105.198814,150.91376,-178.95222,124.35823,123.756325,-193.1289,112.89301,132.29991,-154.72888,129.47667,149.33548,-176.4089,125.06128,151.16061,-165.04706,188.38528,110.37998,-164.48474,125.20117,110.09614,-107.300674,240.25899,113.94669,-137.14442,139.06473,108.530624,-21.623476,251.21121,163.2193,-120.38302,137.29424,133.44582,33.531235,255.6912,173.36874,-139.03313,126.45984,136.87706,35.87245,245.21413,172.33337,-135.14066,131.20578,140.97946,23.320822,243.4971,168.81659,-119.89823,138.68193,139.71239,30.478176,234.76646,81.06956,-22.983961,203.69395,81.74538,22.994154,274.94662,88.39855,75.95127,224.54501,90.595566,131.62119,300.98965,78.79638,182.68742,248.69232,89.27318,242.97392,307.2949,72.25394,193.48132,256.06897,83.40356,255.91647,304.88678,100.50571,192.25064,246.37433,109.01387,271.6328
image_42.png,115.50745,163.20242,-261.9219,112.60053,157.68483,-269.45126,113.90761,156.64029,-269.46356,116.78688,154.7534,-269.55826,105.90072,156.93248,-262.5865,106.92487,148.50443,-262.6534,104.89582,146.90288,-262.6742,136.28136,143.55487,-255.39082,110.23471,133.02498,-227.84149,127.75519,160.9566,-252.24533,124.08088,160.60664,-244.14449,193.71999,122.021805,-209.44525,121.070694,110.76841,-169.95178,257.13614,115.921234,-166.11382,131.87964,91.580925,-78.83835,269.9925,138.86397,-125.925316,123.61105,110.81099,-5.4883313,275.81436,143.04836,-136.73694,114.79709,109.72874,0.5826266,260.8485,143.352,-140.35301,119.44823,115.83339,-6.4739094,257.73575,141.34438,-126.52098,126.252556,117.06732,-5.224898,235.82298,91.41687,-22.398598,202.5561,85.20033,22.412971,275.27252,94.50504,115.678635,240.46678,93.69749,160.77623,296.42532,84.867935,266.97656,268.0687,87.912636,318.62485,295.91757,73.0618,283.79816,273.0227,81.93058,336.96902,295.79742,107.55053,284.51083,271.7109,106.10909,347.56827
image_43.png,75.68975,135.21118,-171.80107,74.90489,131.16534,-183.12679,76.442795,130.88072,-183.11728,78.08415,130.454,-183.16454,71.36714,130.35617,-173.11743,70.611145,129.31783,-173.15787,69.95947,128.31444,-173.14598,87.998604,107.70459,-193.80524,76.98944,117.400894,-150.65,85.57129,134.02412,-171.02127,80.3699,133.36461,-158.46585,146.3431,102.00336,-167.50984,94.843254,86.50492,-105.61273,205.41249,90.00961,-124.10872,108.56758,77.18965,-12.514739,191.75923,138.03233,-76.67864,95.938354,105.37225,53.2466,192.82292,148.9515,-84.98051,84.7541,108.86755,53.86633,176.88997,141.4943,-87.08199,87.37432,111.01263,45.988464,177.18544,138.07117,-76.77635,95.61333,111.67086,51.705086,201.86919,79.292564,-28.206886,173.23788,75.015465,28.233376,244.93758,81.19512,76.96751,210.20123,77.84389,134.9101,274.17767,71.14021,176.82889,238.35217,66.82352,244.4635,281.77533,62.473587,188.01324,245.44136,60.296413,257.5076,276.0878,89.63517,190.8411,239.70435,82.13077,276.621
image_44.png,175.95372,171.9771,-180.10907,178.02942,169.47311,-191.29375,179.93167,168.59206,-191.28085,181.51857,167.6761,-191.32402,172.64757,169.87173,-190.3015,170.30342,169.33731,-190.33905,167.93385,168.42911,-190.38026,185.03958,157.10367,-189.96179,161.01804,159.51067,-187.16006,177.94255,169.00116,-173.32803,171.8794,169.59862,-172.60843,200.40475,133.17139,-150.38896,140.39696,133.69592,-151.88635,199.87808,105.535385,-78.40962,127.013535,97.20011,-90.82401,191.44981,151.55377,-19.997839,130.92598,100.04096,-39.567566,191.95593,159.69205,-23.632128,127.63763,98.74119,-39.352123,183.26111,161.00171,-24.909817,132.40295,96.89861,-48.826912,180.2725,156.75272,-19.025793,135.34415,97.098404,-41.515026,176.62308,96.06992,2.9873421,150.79445,92.948425,-2.9204202,170.22873,88.996895,149.65663,147.59212,85.56005,144.41518,172.55006,77.17734,313.00507,147.0545,77.29073,307.054,173.24612,71.4475,332.89267,149.87276,73.36221,326.75638,170.38904,89.14986,344.87933,149.81099,87.13926,335.69757
image_46.png,275.63824,189.31453,-45.180553,284.25305,181.8981,-34.785057,284.25662,180.89755,-34.83867,284.21237,179.81575,-34.916485,284.0225,180.1965,-56.124905,283.90396,178.00096,-56.123306,283.7618,175.81212,-56.11042,279.0884,166.97125,13.917899,278.42798,162.43713,-80.936714,265.87485,185.84703,-25.227003,265.73276,184.07237,-52.46016,229.59346,148.77246,76.70843,228.49193,141.47685,-135.09366,162.65631,131.26663,83.594505,149.61055,107.323044,-160.07742,135.91177,175.33847,10.786082,125.61244,176.87976,-156.94528,131.0688,183.03284,4.1502047,118.207466,191.00168,-175.74506,135.88065,188.97748,-21.442064,129.1561,194.42012,-163.47687,138.02629,186.36696,-3.2611506,131.64746,190.49948,-150.98093,94.28538,146.87225,68.52569,90.04009,135.77191,-68.31911,6.7677145,155.17886,84.39749,-12.682137,149.36581,-105.162254,34.822315,77.70077,143.55736,15.679864,74.39101,-19.846998,46.65453,73.0384,146.1905,28.982754,71.92401,-9.033326,34.077652,50.31958,179.03732,15.282,54.11427,25.913103
image_47.png,124.674,185.7836,-184.20677,124.5836,182.72043,-196.368,126.47109,181.98486,-196.37334,128.12448,181.45195,-196.42348,120.84709,182.2928,-190.43556,119.9608,181.59741,-190.50633,119.17315,181.05971,-190.57167,131.9724,174.01978,-204.14012,119.36013,171.06198,-178.61613,130.71527,182.90047,-181.40749,126.47483,182.86815,-174.03375,165.59969,154.31174,-180.84137,115.75805,144.90677,-140.35223,208.46819,159.43694,-158.70335,114.141205,114.96885,-56.43081,196.34332,200.15834,-148.92203,103.96626,140.05457,-5.589154,195.60617,207.88326,-166.75175,96.98365,143.50908,-8.136615,187.3046,205.28,-168.57515,101.392654,146.0551,-16.30987,187.05577,202.72742,-150.05984,101.356094,137.12714,-7.2164283,184.44,134.58713,-21.7843,161.69872,128.60541,21.700422,206.04611,139.76247,120.056725,180.1589,135.22629,161.3037,225.6187,133.17992,279.32974,195.069,130.16884,329.40448,227.07411,126.79304,297.5282,199.15297,125.96691,349.0493,224.80371,148.78458,290.8527,191.82538,143.7737,351.25876
image_48.png,209.31999,181.99582,-194.28851,213.32831,178.54019,-194.1878,214.05835,177.76903,-194.19798,214.81972,176.96913,-194.25992,211.41183,178.45393,-205.8117,210.75012,177.69975,-205.87268,210.07684,176.85574,-205.89914,212.92172,169.30383,-164.38113,205.59726,168.49005,-216.1623,206.18929,179.6032,-178.27118,204.08134,179.05984,-193.47197,211.65001,143.99242,-109.94061,172.78699,153.67815,-194.94997,199.05847,122.08865,-8.176002,131.36676,161.22958,-176.06534,198.4394,139.36401,36.611248,136.14334,203.33998,-160.60751,202.34642,139.64926,36.635666,140.73001,209.3959,-178.19342,201.19617,142.84885,26.295158,146.67337,207.75475,-179.73604,197.36723,143.88293,34.0029,144.69986,205.69699,-161.20192,162.61293,133.82059,33.1201,141.26047,135.86757,-33.100197,137.18355,141.96031,154.12059,111.71909,143.63937,98.541794,113.98749,133.53813,302.32843,88.812164,133.77571,231.83124,108.28987,128.36855,320.0322,82.80786,128.13945,246.81311,110.769485,151.36714,325.7636,84.69021,155.1746,237.19589
image_49.png,162.72342,162.43701,-169.08548,165.88544,164.55243,-180.70093,167.53246,164.50124,-180.73952,169.54237,164.23276,-180.81607,160.52573,163.12915,-181.99992,158.4474,162.22507,-182.05452,156.1919,161.3296,-182.10938,172.85616,157.17381,-181.8338,150.53722,154.4027,-187.15164,163.05705,157.41425,-163.07721,157.74808,156.91447,-164.47656,186.37813,125.31645,-151.345,122.64917,127.12549,-158.62608,220.18748,126.154724,-80.04537,78.693756,104.073685,-105.57264,212.0833,167.21826,-43.805225,81.044716,145.98038,-85.23742,221.49515,173.96263,-52.460777,77.037094,153.89467,-97.67701,214.27922,175.12193,-59.744507,84.65469,154.67284,-104.81902,208.95589,172.08945,-45.06451,87.513855,151.28546,-87.54686,150.45448,88.02667,10.660317,121.51769,92.8645,-10.643797,148.4857,76.3433,163.443,111.10257,82.763115,150.06499,139.85143,57.171703,320.07266,107.05155,67.120384,305.48575,138.20576,49.678085,339.3101,107.32859,60.28482,324.1938,143.63062,75.125435,353.70682,103.45094,80.48706,335.74854
image_5.png,243.43387,126.40059,-1.5166522,246.09778,122.43425,1.5817214,245.97368,121.79843,1.5650761,245.82883,121.12582,1.5359449,246.1324,122.455376,-8.55989,246.04489,121.8515,-8.565075,245.91429,121.24272,-8.552962,242.2684,115.55686,25.492716,242.45552,116.79896,-20.785194,239.04839,126.34637,9.059145,239.16234,126.225296,-4.4607515,211.34373,105.732635,58.47639,221.36168,113.46015,-42.413994,186.78683,114.84884,106.80997,192.41133,117.578835,-103.042274,201.58618,129.17326,150.31549,212.82668,144.31656,-146.57051,209.8853,128.78496,160.65326,226.14055,144.52287,-157.74338,212.28404,126.74143,155.3371,224.5854,141.26082,-147.42235,209.20474,126.70719,149.497,220.79689,140.59041,-143.37985,147.4271,99.83216,29.704884,150.04947,105.89534,-29.67872,93.077415,100.80658,24.277699,92.07165,105.54793,-31.849794,46.882923,74.76244,37.488064,43.911736,74.828384,-23.275805,45.563362,64.47659,37.191563,44.01202,64.09707,-21.942873,24.207857,79.974174,16.314957,19.087362,75.90145,-40.549706
image_50.png,164.13965,177.14404,-125.96554,166.78905,176.35168,-139.26625,169.34938,175.39027,-139.30264,171.21368,174.39009,-139.35185,159.87106,176.29964,-140.19691,157.70059,176.04051,-140.23468,155.53142,175.78584,-140.27875,175.8553,163.62827,-146.374,150.1945,165.30304,-151.36569,165.1951,171.2948,-121.47805,158.908,171.0,-122.99163,194.65446,134.79039,-125.47201,130.13962,140.5329,-133.16893,225.13947,100.66263,-57.92599,86.65022,135.85515,-89.859886,219.96901,141.80919,-8.660741,84.80114,157.29842,-68.614075,224.50363,150.54175,-10.098099,79.58606,162.6391,-76.820946,218.43387,152.12474,-15.327107,91.237206,167.29704,-81.0226,214.84477,148.61609,-8.087433,91.37638,162.57672,-69.40022,163.69049,91.16202,12.394572,137.47324,87.83575,-12.3946705,132.19505,92.43294,150.27324,112.71536,72.94971,111.34533,108.05034,84.998886,281.165,103.90556,39.361774,240.71776,103.50057,78.18484,297.95746,103.41229,29.34424,256.5567,99.73707,101.45922,324.36066,95.90902,48.405685,271.03564
image_51.png,44.149548,156.07935,-7.567268,40.73598,151.93204,-17.451628,40.882076,151.43289,-17.470854,41.088085,150.94179,-17.500381,40.52665,151.79648,-5.0281053,40.545124,151.18762,-5.0359573,40.648857,150.58243,-5.053681,45.032383,146.4357,-42.375706,44.791218,146.34201,12.617607,49.18474,156.41199,-14.688852,48.998867,156.13411,1.318902,71.669,144.77374,-68.14123,77.617065,139.5144,53.596775,82.46295,170.24,-89.55345,88.08403,156.45691,107.10555,61.10093,175.6236,-83.28764,64.47233,164.27464,148.60063,54.126347,174.4622,-91.98877,55.25852,162.39728,157.92831,53.59264,170.19333,-88.686,54.337833,163.70656,154.08122,57.15711,169.81386,-81.81305,57.288776,164.89168,147.51898,151.77208,144.4848,-39.00305,152.45105,141.89569,39.006317,204.62163,152.66618,-25.281128,204.06387,150.12,44.79304,254.45474,146.9701,-0.24117778,248.94205,144.72404,69.67718,260.89066,141.64485,2.4816122,255.80429,139.58879,71.45578,267.36325,158.29362,-15.70751,260.6443,157.51097,50.297394
image_52.png,58.37143,163.0542,-17.643753,53.50474,160.4429,-26.028368,53.53904,159.9201,-26.057848,53.529106,159.39853,-26.088123,52.9044,160.56538,-13.025325,52.593567,160.1252,-13.02666,52.293606,159.71356,-13.057546,55.063362,153.204,-44.948296,54.76568,152.08081,13.147162,62.882736,161.02226,-22.64484,62.71083,161.4735,-5.7735023,77.757744,143.26114,-68.24016,80.559,143.94902,49.71595,84.20906,163.15086,-126.855965,95.06532,155.14284,93.505394,68.61134,180.0388,-168.28693,92.140854,163.35045,118.60326,56.56378,175.9023,-186.2112,88.94818,162.16302,126.21843,55.605984,174.81905,-176.14769,87.38723,163.70187,118.58443,58.83263,174.57478,-165.75026,88.702705,164.95505,115.890434,142.25087,142.67165,-35.619682,140.88924,145.20035,35.617928,182.98982,147.48145,-42.40123,180.294,146.99818,50.887455,212.74657,146.17972,40.14602,214.59695,148.19788,105.76985,216.77826,142.93951,48.742542,219.47284,145.5479,111.352684,220.96689,155.48946,39.40777,225.2391,159.04433,94.91373
image_53.png,58.271408,157.778,-18.908878,52.403656,156.56921,-29.939096,52.05758,156.07004,-29.953634,51.672558,155.54152,-29.98001,52.327,156.31543,-16.276545,51.982796,155.59767,-16.262178,51.58841,154.88536,-16.255375,51.41832,148.06058,-57.542503,51.301132,147.61981,4.2626486,61.555573,154.94772,-27.266153,61.838577,154.52911,-9.401978,73.97942,137.82089,-85.16188,78.41789,133.81046,46.108772,83.594315,164.88081,-88.9349,81.88843,154.7749,88.879814,66.405975,177.39703,-36.199314,60.77802,164.75067,107.598564,60.567062,180.26102,-40.712612,52.25401,166.976,112.43879,59.093628,176.18866,-39.201622,52.68578,165.78429,106.75354,61.996704,174.89833,-34.217907,55.34345,165.98004,104.743164,147.81161,139.48306,-38.620193,145.1274,139.30826,38.661953,167.2022,154.17654,-29.371857,142.79565,157.12227,81.54029,196.95796,159.78946,24.996984,164.8197,160.39783,98.90198,203.1675,157.95427,30.676395,171.12401,158.551,100.66235,198.05756,174.56895,29.519575,162.26978,173.659,100.90143
image_54.png,59.99839,162.71584,-3.290475,54.114445,161.58328,-14.112347,53.855167,161.04874,-14.148985,53.56393,160.51286,-14.189946,53.917416,161.50294,-1.0562258,53.5725,160.89029,-1.0650034,53.19435,160.2768,-1.0931648,53.498875,153.44157,-43.174423,53.05335,153.41786,15.220112,63.701347,159.37103,-11.929173,63.68226,159.43942,5.065433,76.49939,143.97261,-67.89552,79.82246,139.3479,54.527187,87.75596,164.97388,-76.29057,93.76478,156.0753,99.51809,78.81192,186.79689,-42.75562,78.84912,172.23187,127.00361,73.32801,191.53963,-48.822224,71.13213,172.5604,134.9906,71.15113,187.85892,-42.019806,70.73919,175.49387,128.9589,73.9755,186.08017,-39.157722,73.54709,175.66994,124.59777,152.57355,144.51505,-37.58384,151.08632,145.1278,37.625084,203.42339,154.11623,-31.200268,202.15778,151.91177,42.071133,247.25798,154.519,0.765084,241.96318,156.44925,67.05319,254.72258,150.5704,3.7949448,249.60735,153.88272,68.76453,254.84695,167.64417,-10.150126,249.0989,170.46866,47.83219
image_55.png,273.45215,159.2088,-10.871551,278.42963,154.65828,-4.4080825,278.55334,154.0071,-4.427795,278.69092,153.28596,-4.457993,278.35077,154.5961,-22.312096,278.4332,153.9036,-22.327593,278.53458,153.08705,-22.359737,275.84506,145.9357,32.448917,275.3817,146.35187,-48.359207,268.4259,158.21584,4.8102193,268.91092,157.74611,-18.689865,241.25998,131.57506,87.74154,246.9597,137.04253,-91.42419,209.21344,131.63611,166.90045,220.74634,143.10515,-181.04817,215.49988,153.0689,213.49133,230.03148,182.82216,-253.8792,217.38986,154.12459,226.99936,239.6209,185.9614,-279.16354,222.28023,157.84096,211.5685,241.71692,183.34285,-264.65353,221.51721,158.74338,208.34903,238.57275,181.78741,-249.75357,161.52156,134.4002,54.17817,161.35652,142.85481,-54.118004,102.32788,141.9156,69.03836,98.183365,155.9938,-44.882698,55.839787,131.28296,107.34321,42.39206,147.5545,-15.261737,49.37363,126.94072,108.64853,32.428986,140.40079,-13.604338,40.79443,144.04572,80.009605,31.580967,167.4272,-50.5974
image_56.png,276.56845,160.99661,10.615949,281.19595,157.14091,16.064379,281.21332,156.6548,16.046587,281.23975,156.10931,16.026802,281.3067,156.84991,-1.6580169,281.42688,156.09679,-1.6815375,281.53998,155.2642,-1.7026645,278.88806,149.27982,49.872334,278.94922,148.865,-30.694553,271.87997,160.39706,25.31899,272.18918,159.90654,1.8574392,243.6872,133.48201,99.83954,253.85828,141.88678,-75.94315,206.48257,124.021515,169.4136,225.63416,140.54234,-159.9576,205.7946,146.17973,211.64832,232.86404,180.42918,-226.6865,205.37833,144.12947,223.7897,242.71924,184.37227,-248.61247,208.83195,148.20808,208.10873,244.5605,182.069,-233.26709,208.43079,149.1392,206.1338,242.0095,180.74786,-221.9097,161.64688,130.35254,53.5604,164.84389,140.10071,-53.492973,102.79835,142.53989,39.2867,102.06921,151.74632,-48.849766,47.73466,137.06523,57.269707,43.96821,143.25267,-39.739433,37.97467,131.25476,56.681614,33.565067,135.37221,-40.248886,38.598064,158.10062,24.816977,33.430332,167.84126,-76.715996
image_57.png,279.14648,162.09276,2.5217733,283.4751,157.93835,7.670928,283.4885,157.34117,7.6513243,283.5197,156.66208,7.632778,283.50113,158.00534,-10.3888645,283.56693,157.4558,-10.413667,283.65134,156.78995,-10.441724,280.8709,149.62448,40.07255,280.93228,150.53952,-41.88342,274.1035,161.28697,16.690557,274.54266,161.14662,-7.224189,247.82411,133.97604,91.33685,253.46971,142.18633,-86.32338,211.92537,126.186325,178.4142,226.2059,143.33684,-175.9333,207.74648,133.8574,243.69315,236.61382,182.3328,-250.36913,207.74747,132.1213,260.50784,246.27756,185.70145,-273.60272,211.39352,135.39302,246.56638,248.08992,182.87622,-259.53122,211.70424,137.02866,239.82951,245.70648,181.6695,-246.17798,166.68782,133.33867,52.612896,166.29105,140.6077,-52.56463,109.9534,140.77655,42.83286,104.082695,151.30086,-46.690655,53.919624,135.74757,66.22875,49.699284,142.44006,-36.180927,44.190456,129.66106,66.18873,47.795868,135.99667,-36.696945,44.60621,155.78983,35.928535,38.017998,169.16869,-75.57811
image_58.png,285.587,159.2027,17.756393,290.00793,155.24641,23.164217,290.0057,154.67072,23.141376,290.00638,154.011,23.12526,290.17288,155.0121,5.566565,290.3341,154.2282,5.546789,290.49472,153.35562,5.531448,287.32587,146.46825,55.94258,287.64398,146.94543,-23.944426,280.3808,158.6191,32.06888,280.9069,158.24013,8.802165,251.02974,129.11304,103.84612,261.93536,140.1149,-67.01114,215.69606,121.5151,175.10553,233.4357,140.23994,-151.54338,216.70946,143.85132,218.4943,240.3025,180.05861,-216.0513,215.06392,144.24876,230.7005,249.30573,183.16501,-236.58641,218.65335,148.65985,215.3893,251.2501,180.53625,-221.74565,218.54366,149.11761,213.11516,248.54747,179.14154,-211.2136,173.02351,131.82631,51.23858,172.739,139.39049,-51.13695,113.89572,147.4854,22.094069,108.964966,150.7088,-64.90483,53.89125,142.57037,28.617817,39.953632,141.11243,-79.048615,48.673107,133.5557,26.985554,42.513123,130.1219,-82.081154,41.41188,164.70236,-3.813408,37.20587,166.0918,-122.95347
image_59.png,228.61674,128.02054,-27.154232,229.95335,129.31488,-29.766678,229.91609,129.56705,-29.78781,229.89014,129.83757,-29.807224,230.10269,128.70804,-23.696098,230.20312,128.9042,-23.689997,230.2928,129.06686,-23.68866,229.56216,132.98924,-30.434553,227.8849,131.72874,-2.8916464,227.14648,129.77654,-26.966309,227.47101,128.9383,-18.98921,217.9572,139.6923,-40.7539,217.4696,130.1981,23.551035,208.90063,143.27188,-69.962074,209.80678,128.50041,57.822586,203.61475,144.19498,-100.16793,210.98468,127.676155,75.45532,201.55934,145.97453,-108.94031,210.60248,127.296875,80.687096,202.52673,144.63095,-109.1752,211.96545,127.44255,75.84943,203.0619,143.74283,-100.76178,211.97946,127.44284,74.1225,188.80424,136.17789,-23.131441,190.49579,129.5244,23.144506,166.13965,129.51439,-55.022835,183.91985,117.03318,20.88904,154.76897,144.62625,-25.202486,170.57553,119.38907,48.335907,154.4285,147.6352,-22.076561,168.06154,120.994354,50.73627,146.56847,146.27396,-30.24778,166.7583,113.81725,45.4174
image_6.png,117.66373,147.68532,-71.825874,114.8126,146.31401,-82.55516,115.71406,145.86636,-82.54498,116.69088,145.49974,-82.56542,112.65316,146.26888,-74.47041,112.10928,145.68022,-74.48285,111.65862,145.12666,-74.50896,120.94159,138.68692,-104.30558,114.54618,136.575,-68.88126,124.90072,144.65773,-76.39854,122.92027,144.35434,-66.081894,156.80612,128.04286,-96.26369,121.65709,107.85009,-41.86404,178.00946,160.99919,-78.47446,129.12311,112.1321,15.500376,154.43843,174.67499,-48.457283,125.30115,127.412895,46.170635,148.52336,179.14426,-59.12156,119.06808,128.606,45.27103,145.1981,174.54214,-62.109898,120.134865,130.23238,37.1047,146.10597,170.99748,-49.693222,125.06648,130.28435,44.100502,203.17915,97.41123,-22.05043,185.69983,84.29045,21.990465,249.95506,106.61953,35.1375,224.65955,93.60033,91.66289,293.15994,111.35417,79.280136,251.74794,89.23352,158.16177,303.50684,107.0213,83.84774,258.46033,85.22919,166.35692,294.1188,131.03194,76.64015,252.68748,102.3419,176.17686
image_62.png,80.71831,126.46749,10.225202,77.03955,124.085304,-1.5474899,77.124695,123.82695,-1.5578425,77.21288,123.56132,-1.5654637,76.93763,123.61326,13.196323,76.97177,122.989784,13.195281,76.99666,122.31396,13.195712,79.53691,119.302345,-31.920937,79.5068,117.39197,34.240868,84.61225,126.41583,0.91131043,84.41449,125.78029,20.04143,99.88052,124.45766,-71.82741,105.271255,104.080605,76.71081,99.96108,145.94398,-102.76019,115.5947,111.04903,145.21611,93.0521,158.84009,-62.812073,110.85818,126.02435,191.97305,91.00856,163.41423,-67.95697,109.3605,128.31139,203.60866,89.88989,162.50052,-63.179966,107.72478,130.24557,193.65416,91.29544,160.1642,-59.666325,108.295906,130.34604,188.69061,161.00122,123.849594,-46.668583,160.05893,113.94848,46.644367,199.80095,143.3154,-59.409008,198.04768,136.22086,35.256493,252.19977,131.09032,-52.60647,246.49947,132.92125,41.53872,259.3351,122.45068,-50.938267,256.36005,125.297356,41.593933,262.07468,147.48398,-63.053116,259.1344,146.83586,25.801287
image_63.png,68.138054,147.33463,22.752102,65.07588,144.31125,11.149398,65.16809,144.0848,11.142425,65.249306,143.83696,11.131618,64.99493,143.47653,25.738258,65.06927,142.71143,25.738546,65.14211,141.88484,25.724047,67.858475,140.38075,-22.420073,67.705475,137.76158,43.13636,72.26665,146.78946,12.2064905,72.24656,146.02814,31.142473,88.108025,141.60556,-64.9901,92.28909,124.33498,79.452,101.950905,151.5864,-126.72178,113.18291,124.96251,146.90927,91.82322,160.24579,-160.3349,111.2707,134.13596,202.95699,90.007286,163.87906,-173.11597,110.008095,133.73363,217.48633,88.36396,161.2051,-167.37729,108.28629,136.75078,209.35222,88.983055,160.20216,-158.68698,108.763794,137.84877,200.91595,149.72543,137.7072,-45.015656,149.08723,132.1516,44.988808,192.83131,146.27301,-45.21683,189.85403,143.83813,41.678646,235.96677,136.41078,-38.737434,233.65138,135.1994,51.144665,238.00716,129.67374,-37.69593,237.15454,129.62416,51.535988,237.98535,153.75989,-57.730083,235.57027,149.20848,31.461512
image_64.png,78.505905,146.43303,0.7964713,74.2953,144.8627,-7.6254992,74.54045,144.63902,-7.6337085,74.84607,144.53044,-7.6484003,74.13184,144.5317,4.120939,74.334175,143.991,4.113671,74.64522,143.52452,4.077686,77.50562,138.7984,-25.215832,78.06317,136.89104,27.026878,82.670616,144.77336,-3.5278785,83.58735,144.116,11.614645,93.862946,136.54295,-54.02799,97.95,124.91578,69.86107,112.00336,145.49062,-114.68466,110.68944,138.47739,127.92358,95.93438,158.04674,-149.60706,97.54117,151.76205,168.6129,91.60612,162.47386,-161.65852,92.725586,154.12111,181.11201,89.91125,160.04796,-153.18294,91.56303,153.41971,173.5512,91.29564,158.56683,-146.69002,93.894066,152.60902,166.63374,153.71118,131.68694,-44.909542,153.42888,125.66553,44.943756,199.11516,145.20735,-56.46164,195.93854,142.09729,43.877594,247.87517,133.93047,-57.820324,244.73009,133.01973,54.138542,250.67664,127.59016,-57.447067,249.41457,127.63396,54.039505,252.12752,149.64566,-76.41533,250.8447,148.06189,33.506863
image_65.png,94.39453,149.45714,9.330026,90.02781,146.42432,0.46096748,89.91614,145.75356,0.4331575,89.8121,144.99548,0.41428447,90.04837,146.42598,16.22512,89.95897,145.80807,16.22175,89.88078,145.09592,16.188025,92.28507,137.73155,-20.829927,92.0716,138.42392,49.34856,98.598625,147.90811,2.744479,98.71538,148.08319,23.11201,114.01801,121.32812,-64.13484,120.45678,131.40886,95.46588,130.75075,136.33609,-139.27066,143.74605,143.92755,123.41701,120.0703,166.36517,-179.84155,127.86673,159.89716,113.6248,112.313934,170.73906,-197.49393,122.48863,162.45697,116.87479,108.587036,168.72293,-185.93921,120.416275,167.32072,109.734375,112.27971,167.01263,-175.83301,121.38426,161.05159,109.55855,183.74365,117.69294,-53.556297,183.87231,128.3839,53.58291,229.46098,150.1129,-86.898285,227.45615,154.50282,-8.102914,290.32642,139.0412,-90.53803,284.6189,141.6596,2.3994615,297.55762,129.17624,-90.47967,294.50974,131.35213,2.772814,303.2564,157.9855,-115.33405,302.2296,157.04669,-23.050577
image_67.png,237.85901,216.69904,-351.09906,243.21161,211.13673,-348.89056,244.06192,212.35179,-348.86792,244.94293,213.60054,-348.93134,242.67606,205.9474,-358.75366,238.72603,204.41512,-358.8417,237.31064,202.17883,-358.94315,241.92847,209.79161,-298.08423,231.21808,194.05487,-342.862,232.4565,217.33559,-327.1117,227.82137,212.64746,-340.1678,227.49336,207.1598,-217.6787,188.25058,179.99167,-307.4657,206.88286,223.46886,-118.04437,129.61684,185.45349,-300.2961,215.48224,230.38075,-36.937096,110.229935,235.54286,-313.88312,220.49194,226.87978,-32.560383,100.16527,244.83029,-339.65735,220.1634,228.63863,-33.167564,112.50733,250.60075,-339.6377,216.18314,229.9715,-34.807487,117.06329,246.94263,-315.0785,150.77567,207.30736,30.517868,131.78769,194.12154,-30.497751,108.60458,192.35619,209.21266,90.80812,184.68198,149.36911,83.53462,182.37749,417.65842,64.824684,171.14056,352.17822,79.81618,177.8,438.37305,62.13723,164.37901,372.58307,69.09181,191.71431,404.09976,52.184708,189.52808,328.61966
image_68.png,237.2246,203.63095,-226.32208,242.93002,199.44537,-224.3318,244.05228,198.7777,-224.37045,245.26501,198.13283,-224.49623,239.40216,198.96652,-237.52182,237.92632,197.79422,-237.57645,236.23593,196.42184,-237.56935,246.42836,188.29237,-189.28922,226.50542,184.30742,-246.82315,233.177,202.93073,-208.14151,228.40883,201.60094,-224.81718,241.17767,162.40266,-139.37642,178.76741,162.52203,-220.8194,273.13885,162.42896,-44.233315,115.07824,164.20967,-201.76414,274.492,208.80702,15.966283,105.4263,211.13824,-195.69858,284.42612,216.13301,11.732113,103.982346,218.05298,-217.54779,279.70822,216.54721,0.9309221,111.344,220.73407,-223.12122,271.70013,213.38354,12.175997,112.55237,219.05312,-199.3363,154.81184,150.7957,38.688396,129.75128,152.5017,-38.67038,97.35742,152.71036,146.97546,77.846405,150.06711,83.72975,61.005676,145.19736,284.58633,40.72134,136.6431,216.37764,53.56231,138.22574,299.89606,34.898216,127.84396,230.5593,53.573933,172.01753,294.98035,29.982176,164.54404,212.71605
image_69.png,229.23982,205.40016,-168.04892,234.10059,200.99797,-167.65024,235.18875,200.33461,-167.7003,236.47408,199.57143,-167.80211,230.54349,200.51111,-179.19443,228.98105,199.45256,-179.24043,227.0671,198.22978,-179.24286,237.30612,188.00438,-141.67143,217.48923,188.48204,-191.55276,226.24234,205.23013,-153.63832,221.89177,204.06662,-168.00713,229.60114,166.54707,-103.70535,166.28125,167.36047,-171.45332,264.10733,161.68536,-23.401337,100.716675,166.41129,-151.52815,269.3703,209.76308,21.703253,98.31129,214.6205,-140.4671,279.86713,216.02797,14.438596,97.99815,221.22974,-159.85262,276.89255,218.10603,3.8918211,105.73791,222.63947,-167.18607,269.82806,215.86894,17.65853,107.23124,220.891,-144.2388,139.41774,148.47168,36.85569,113.110146,151.46284,-36.862694,83.15337,151.79312,135.70738,65.28402,150.0272,80.839226,47.763653,146.48251,257.6378,31.845259,146.2318,201.74681,39.26731,141.05098,271.7968,23.415071,137.24857,214.93365,50.940258,170.82666,272.59024,25.316177,171.46576,203.90895
image_7.png,108.20998,164.9572,-64.24422,107.598694,165.02792,-74.628426,109.062126,164.8281,-74.61476,110.58851,164.65633,-74.62472,104.27945,164.79149,-66.28279,103.55618,164.31946,-66.28037,102.947235,163.78888,-66.30487,115.49558,159.64917,-94.97573,107.38278,157.37622,-58.7482,115.023994,161.38217,-68.52284,112.109085,160.75209,-57.98156,151.35255,147.89291,-90.548935,114.07112,128.59053,-31.671106,178.31117,177.71408,-71.17644,122.20719,133.45328,15.225408,147.47716,184.42462,-41.68014,120.05453,156.62405,37.17135,140.94243,188.59903,-53.018955,115.26479,161.03967,35.097984,137.75772,183.86967,-55.785908,116.65899,162.7308,26.83408,139.5436,181.27718,-43.06481,120.57106,161.69257,34.689568,198.95462,108.17916,-21.854889,178.10379,95.4574,21.77459,246.63354,113.06451,35.132103,181.465,91.52016,127.73872,293.293,119.29307,69.98941,194.0663,74.440384,206.49774,302.92166,114.59101,73.996414,201.0973,73.00659,215.6079,292.8058,136.9812,67.632385,200.16386,82.32519,237.4058
image_70.png,299.1239,172.10406,20.798883,302.91003,169.33978,24.928291,302.71555,169.1047,24.896639,302.57553,168.91342,24.866697,303.06442,169.01009,10.374651,302.88086,168.42027,10.366045,302.70416,167.87563,10.340712,298.88342,165.1261,51.250904,298.55096,165.04356,-15.051764,293.64053,172.12732,32.661514,293.43594,172.0529,13.454822,261.66196,150.11847,85.88417,278.46704,168.82974,-53.22876,229.64328,138.60616,138.02629,255.30487,163.80173,-147.3953,232.70056,160.92926,195.0753,265.1761,178.6273,-220.47337,235.56001,161.8094,209.43015,272.28867,179.43791,-236.21951,237.78241,166.85803,197.65462,272.4843,177.3867,-219.04631,236.8941,167.61267,191.46306,269.65237,178.08829,-215.66693,194.30486,154.30885,48.14349,196.51108,164.65247,-48.174587,138.66978,159.19504,40.460316,138.33476,166.95436,-44.633636,78.50749,158.04143,53.87205,74.65641,163.78029,-37.74496,74.1826,155.20834,53.116936,72.57502,159.02023,-37.633068,73.65643,167.68217,27.836864,71.16058,174.00377,-65.66144
image_71.png,305.11368,171.22006,17.753819,309.1726,166.74202,22.86993,308.97366,166.36566,22.841417,308.7576,165.98296,22.81784,308.98523,166.34988,6.6472297,308.65662,165.63284,6.6382833,308.296,164.90758,6.608459,303.49588,160.54245,54.49225,303.1868,160.8589,-19.430328,299.68503,171.6005,31.790205,299.10394,171.24922,10.411456,266.84494,145.87122,93.289955,282.00354,164.56601,-59.294056,232.46739,138.30334,139.59126,259.344,165.11224,-152.7802,232.37427,162.91017,184.72691,266.44833,184.52753,-225.14572,234.74274,164.68134,197.97061,273.35254,185.88045,-242.79588,235.8651,169.54428,184.30446,273.549,184.05946,-224.72252,235.24216,169.75241,180.04504,270.9,184.65674,-219.79433,196.9934,152.95912,49.763832,200.55415,164.48837,-49.800655,138.92863,157.99458,47.107376,137.8825,166.70993,-47.105877,77.45374,158.45364,63.60896,77.01858,163.72247,-34.23627,76.3398,155.88411,62.97657,76.11933,159.34723,-33.83554,76.24053,168.11417,35.579533,75.47717,173.79546,-66.169685
image_72.png,306.59375,173.98941,14.009205,309.76645,170.33246,19.267727,309.65845,169.8974,19.237606,309.57104,169.4581,19.217672,309.69864,170.12521,2.4506524,309.50497,169.45233,2.4403493,309.30988,168.7533,2.4057531,305.62964,164.55516,50.02325,305.1745,164.65771,-26.6058,300.9135,173.47409,27.57301,300.473,173.1992,5.450183,269.22034,149.69945,91.09975,283.64905,168.62358,-68.266464,233.39894,142.06073,132.28961,262.78714,167.14293,-161.96283,228.20537,163.87741,171.25824,265.23264,183.28644,-227.7822,228.39954,165.10768,182.49751,268.99417,184.867,-245.33582,229.56454,169.68054,169.91232,269.72058,183.8603,-228.37926,229.93077,170.05351,166.46007,268.15076,183.61157,-222.9229,196.85942,156.05846,53.893528,200.84013,168.51393,-53.953102,139.57994,160.88931,50.006443,139.09369,170.62231,-51.666595,82.34088,157.31793,72.97206,79.84585,164.16342,-34.456,74.28048,151.00385,72.695885,78.3625,160.66727,-34.03021,68.89057,172.92468,42.66121,65.438,178.61244,-70.48892
image_73.png,300.8878,177.802,9.403897,305.61224,174.36827,14.76655,305.62503,173.9251,14.737506,305.69656,173.42729,14.722914,305.50873,174.0026,-2.0545964,305.3908,173.2686,-2.0601718,305.3321,172.43613,-2.0815346,302.13297,167.57405,47.15744,301.65442,167.32944,-29.627054,295.4911,176.75255,23.565172,295.22165,176.0601,1.3659481,266.7794,150.43472,87.92238,281.1732,168.0367,-69.55202,232.0489,142.43835,136.50632,265.10605,166.70927,-162.03122,227.93231,163.27449,179.60019,267.1077,183.12369,-224.19981,228.76106,163.82426,191.39098,271.78012,184.06233,-242.05342,229.5767,167.798,178.01497,271.78537,183.19522,-225.38637,229.67337,168.38553,174.75276,269.8842,183.52075,-219.30502,194.5808,156.31776,53.44685,197.74576,166.66437,-53.475212,137.81744,161.2838,49.730972,136.7695,169.71744,-50.227245,81.24783,158.82162,72.65914,79.75999,163.15283,-33.448513,73.33549,149.97386,72.501526,78.537636,158.19275,-32.89389,77.51896,169.01414,43.113712,76.3075,172.82419,-67.041176
image_74.png,194.1437,177.83524,13.704115,197.64758,176.3849,15.58947,197.84712,175.86568,15.591387,197.99588,175.4261,15.56087,197.38515,177.43993,5.2576447,197.38756,177.6418,5.257929,197.34518,177.95256,5.265853,197.52356,171.9982,28.755795,196.32324,175.93965,-18.41047,192.06,175.88512,20.352942,191.84239,176.91606,6.6144,181.79956,155.28227,54.999123,182.30165,169.19897,-47.992695,157.0116,149.0615,115.86952,151.82825,168.38606,-102.646484,159.42056,164.74812,166.00462,159.48244,189.83241,-145.75432,162.59346,164.43877,179.16452,163.85884,194.82608,-158.87503,163.51971,166.93262,168.98012,166.53215,191.67601,-148.85095,162.11537,167.36198,163.59584,164.79085,189.50725,-142.59181,122.58173,152.90291,37.602757,118.32291,163.3372,-37.571728,84.4083,152.72295,73.79895,77.52705,160.60202,-15.1131315,45.564785,146.13126,110.44353,36.834152,152.83281,2.646119,43.66677,139.9766,113.281494,31.00086,147.81769,4.6643424,44.484436,155.37292,108.20529,30.753462,166.6602,-7.266459
image_75.png,197.12741,152.58525,34.41724,199.95076,151.3642,29.416704,200.07178,150.51263,29.41682,200.18967,149.70108,29.399977,199.66081,153.63554,21.681395,199.5555,154.2957,21.68077,199.43216,155.05168,21.649231,198.94493,146.8684,14.77227,197.75935,153.96602,-20.586174,194.47253,150.58766,31.544712,194.13968,152.79468,21.319138,183.08833,128.95631,26.281189,181.36694,149.469,-47.82419,152.00317,125.34701,51.755688,149.52081,144.99532,-81.43794,139.4334,131.44717,57.339848,158.2093,164.09525,-113.27806,139.93437,136.05255,58.898304,162.13176,169.7273,-125.27812,142.3578,139.37848,49.994587,165.71387,167.80556,-121.03371,142.6225,139.7421,53.898304,164.45587,165.39412,-112.303604,123.035,130.96077,30.173218,120.539085,143.60019,-30.192831,85.38082,132.76393,64.68247,81.993195,139.2682,-2.025177,48.07435,124.621,100.89949,40.099205,130.17194,30.687283,42.149345,121.61032,103.48262,34.772728,126.79629,33.939068,42.233536,132.07635,92.60758,35.36451,136.53151,16.113184
image_76.png,187.20932,138.69768,-17.10017,189.95941,137.02098,-15.654154,190.10136,136.52806,-15.664785,190.23479,136.08322,-15.685759,189.51967,137.71838,-26.541716,189.34807,137.70546,-26.531528,189.14723,137.72345,-26.529726,188.9684,131.62636,-1.6260492,187.20949,134.27544,-51.10792,184.54901,136.76837,-9.591677,184.28249,137.48813,-23.951443,172.63705,113.6521,31.20387,170.90358,129.1837,-68.45577,142.76527,115.742805,84.1539,138.18524,133.60532,-83.90991,157.9379,131.91,114.82774,156.15154,148.9876,-83.28858,163.13948,133.86319,122.14257,162.29391,152.39645,-94.05009,166.16304,137.5044,114.13485,164.60086,148.95291,-88.96812,163.98932,137.52869,112.38907,163.0275,147.49243,-81.24969,112.07971,115.79529,34.81407,109.27196,127.26525,-34.826603,70.83395,115.16809,72.575005,67.265686,122.19484,4.0184073,34.451393,107.07433,121.22437,26.551752,113.36034,52.085068,28.370283,103.499596,125.050575,21.904175,109.04952,56.60951,24.625278,118.3542,111.976814,22.716955,121.1882,39.13262
image_77.png,207.22234,200.6452,11.579027,210.53113,199.05017,14.865302,210.73845,198.51353,14.867818,210.95195,198.01178,14.851924,210.34105,199.92938,3.4217455,210.38222,200.01836,3.4282556,210.41205,200.17531,3.4307673,210.78381,193.7191,31.780125,209.61664,197.0585,-20.508715,205.03545,198.66087,19.42636,204.89783,199.51103,4.161006,192.57048,175.79347,63.465343,192.9846,192.5993,-55.0615,169.70663,167.06047,124.1826,164.11612,193.27858,-104.125854,173.03633,185.44473,179.09174,168.93384,213.46046,-141.44138,173.9803,187.82744,193.61916,171.3986,218.96727,-154.75429,177.73856,189.91922,182.09795,175.01952,216.61403,-144.11482,176.5174,190.26843,176.09712,174.22484,214.64944,-137.83012,133.4859,171.8692,42.432194,130.55003,179.9173,-42.421352,92.51591,170.46315,66.9401,88.43821,174.44002,-35.748684,52.36077,159.93542,99.86354,45.38277,158.54375,-26.151056,45.530342,153.2708,101.846115,38.755676,148.98418,-25.097206,45.604465,173.77005,92.4301,32.358192,175.15007,-42.047695
image_78.png,167.76569,152.77586,-134.85516,170.46007,150.356,-152.96515,172.864,149.4413,-152.96848,175.19376,148.43892,-153.00298,164.12698,150.95844,-154.43542,162.18854,150.45026,-154.44514,160.15498,149.38824,-154.4317,179.2019,141.19945,-172.92229,155.84726,142.04793,-180.27138,171.65501,150.38626,-133.58276,163.83537,151.3456,-135.63258,196.63348,117.97916,-152.75414,133.59177,117.510666,-154.73402,225.21129,95.0809,-95.16466,107.85784,91.28586,-95.38782,217.70905,127.61586,-64.6808,112.736984,126.17223,-65.70777,222.70686,135.51558,-77.1287,108.57574,134.90483,-76.57668,216.47032,137.6825,-78.329956,115.63604,135.23805,-81.40369,212.57745,134.38234,-64.157135,118.37544,132.44278,-66.70305,175.79797,76.72602,6.0493784,148.34676,77.72326,-5.9414525,178.65112,62.708702,196.56116,147.39508,65.09063,174.9575,177.88492,40.9234,387.65936,144.46667,45.666695,351.0056,177.40498,36.120792,411.26266,145.58398,39.268875,372.4281,179.68979,58.472103,437.07758,145.41963,56.367584,391.31345
image_79.png,147.68831,164.14812,-136.48297,150.64682,161.16083,-149.43234,153.0706,160.21399,-149.44736,155.25517,159.23097,-149.48567,143.99106,161.06442,-149.87202,141.97905,160.08356,-149.89017,140.13197,159.15593,-149.90846,159.28944,150.91058,-156.97754,136.36098,150.91931,-160.24426,152.03403,160.76944,-132.61665,143.35556,161.52185,-133.42995,180.91151,127.77259,-136.88109,114.20799,125.085236,-134.53586,209.20241,102.10072,-87.701996,89.54271,96.58616,-85.74584,199.02922,137.25143,-47.858017,93.59092,133.44989,-49.33789,203.96706,146.04729,-53.12693,88.19671,141.7174,-53.788742,196.6898,147.9078,-54.49096,95.51549,142.86179,-56.073647,192.87375,144.9943,-46.63842,99.08139,139.70729,-48.846508,159.39957,85.94187,4.2922435,132.62642,84.26927,-4.194239,161.99045,67.74402,162.28514,131.89206,67.48693,145.99677,162.09406,45.675907,319.93604,130.32904,47.888424,289.94168,160.81659,40.285587,339.35834,131.364,41.67846,307.47366,162.4678,64.94471,358.8522,130.29115,60.73301,319.98807
image_8.png,95.08799,167.48988,-48.656982,94.22736,167.97333,-60.58961,95.84749,168.01436,-60.58377,97.59493,168.11568,-60.584595,90.9758,166.94855,-53.45689,90.46434,166.04651,-53.459785,90.138,165.07515,-53.49033,102.72627,162.58318,-85.74281,94.67581,157.16605,-55.41664,102.859665,163.8984,-54.321377,99.99031,161.31854,-45.457226,139.65408,152.454,-83.53927,101.229454,123.73736,-30.844032,163.60016,180.15114,-57.946007,103.80604,120.00551,37.422367,133.92984,189.11588,-21.081903,101.92957,143.03152,88.598755,127.68106,193.7518,-30.117092,98.745255,147.4494,89.19501,124.48671,189.72339,-35.221233,100.08506,149.22278,83.23062,126.08151,185.9834,-22.744093,103.25598,148.31383,87.75945,186.26558,111.014404,-21.692068,166.96219,96.12151,21.617798,240.37907,120.01264,35.943653,174.67064,91.813774,123.76841,288.51956,127.44292,71.35696,196.16588,84.20409,205.88716,298.8985,125.037506,75.84199,201.21568,80.50681,215.39867,287.01373,148.92471,71.13902,199.49187,93.19545,234.27728
image_80.png,240.11789,149.45352,-126.39693,245.31631,144.55573,-125.777954,245.85672,143.55399,-125.79281,246.38565,142.42166,-125.852165,243.72836,144.94173,-137.05383,243.15,144.31778,-137.0937,242.49498,143.60576,-137.0738,242.43607,132.79984,-100.71023,236.8004,136.19702,-151.38705,235.27405,147.33789,-113.40024,233.51978,147.76854,-128.08917,220.76022,97.473335,-58.590744,183.47873,123.811554,-147.33264,211.04918,75.8956,35.712593,137.2323,122.20515,-118.368286,209.53693,97.620415,103.33574,134.99161,166.93002,-73.620476,216.91505,102.34121,105.90156,141.90625,175.23979,-84.32864,216.8559,106.68372,95.09174,146.52757,174.2251,-84.03572,211.86081,106.047676,100.87116,144.23727,171.3642,-72.83654,138.07462,73.248665,36.50999,121.546295,82.82445,-36.481167,96.36906,63.342915,139.60141,70.625145,50.607586,36.94534,66.56918,49.9968,250.95819,35.72364,13.10264,111.31276,62.374535,43.390903,263.2517,32.449425,3.5798254,118.97986,55.42195,67.71415,269.61575,13.687754,20.537004,101.81847
image_81.png,233.44914,151.21768,-112.296875,237.44829,147.11316,-108.947945,237.87907,146.30844,-108.94596,238.34528,145.36389,-108.98628,235.86531,147.31952,-125.04907,235.2393,146.78143,-125.062965,234.60103,146.16148,-125.08368,234.42671,137.28818,-77.84475,229.64468,139.60484,-149.65144,229.1523,150.15251,-96.44999,227.97469,150.29771,-117.237785,213.24577,106.7068,-16.581333,183.76141,130.82524,-157.0896,204.02344,90.945526,95.85683,143.75662,120.985535,-137.25099,207.11537,114.6505,180.16951,142.9577,163.69771,-95.23366,213.25691,117.37178,190.46565,147.71411,171.35365,-109.060814,214.54378,121.0711,177.77785,151.77661,170.67366,-107.255226,211.22781,120.83946,177.15013,151.42598,168.22406,-93.310196,139.88132,84.152435,43.079563,125.26736,98.37995,-43.131264,108.02665,55.39644,157.78969,88.84284,92.8008,77.91539,80.23413,22.982683,286.64093,49.97158,82.93193,196.12383,74.14153,14.1433935,301.96008,41.35188,76.689285,209.64958,76.320755,30.052986,308.49203,53.478508,100.95465,208.90623
image_9.png,114.33721,152.04918,-23.809399,110.49502,152.03436,-36.4493,111.205475,151.62886,-36.445404,111.95755,151.29369,-36.45544,108.30653,152.07529,-28.203144,107.535095,151.56837,-28.19225,106.833786,151.10161,-28.203419,114.44904,144.6117,-68.22648,108.99772,143.2574,-31.327194,120.326294,148.42564,-32.06865,118.556244,147.81613,-21.129847,147.37196,134.90538,-71.987465,114.69236,114.904526,-8.619107,167.26253,172.78929,-69.90952,113.7063,120.73873,52.851543,140.88028,186.61145,-58.63564,106.74972,139.00038,87.49294,133.78624,191.54095,-74.12123,97.67375,140.01572,91.333275,130.31856,186.8515,-74.22446,99.80652,141.78342,80.02096,133.04768,183.42703,-59.57313,105.51775,142.02986,84.5276,201.10286,91.16849,-22.23869,185.07016,84.44127,22.243242,249.92413,112.99509,19.128359,235.53076,112.6661,53.315308,295.0003,129.24944,52.611034,278.34323,123.22848,92.11599,306.15897,129.36241,55.682735,293.7716,120.17662,96.75237,291.73114,149.76517,45.64075,281.6311,145.44676,90.645996
