image_1.png,585.6835,713.2719,-319.98236,557.56323,692.7843,-340.9002,558.45624,684.85913,-341.0565,559.52356,676.72705,-341.14456,553.9504,704.4654,-274.31586,552.66376,705.4656,-274.2529,551.49066,706.5202,-274.2085,577.94556,630.60986,-330.158,567.9959,669.9031,-39.629047,619.75555,700.49347,-307.32123,616.3714,712.95636,-221.45596,749.269,634.14984,-468.12314,744.129,583.34534,267.04572,802.9161,848.57465,-635.5543,796.7474,707.1339,439.03882,752.68506,1054.0995,-601.54474,769.51056,863.7365,319.32645,698.1418,1078.3035,-688.2116,725.7413,857.3734,331.0998,684.03284,1064.9246,-629.1621,722.87103,867.765,251.60486,705.8582,1052.6074,-578.6358,739.6141,871.8282,282.2516,1189.886,594.277,-214.80852,1166.3466,599.67834,214.49504,1469.0974,747.55035,-180.30058,1442.4446,740.77313,288.59024,1793.1788,821.5113,-143.35367,1740.6754,794.28644,374.08942,1864.647,801.3427,-148.85356,1806.413,777.59216,377.43225,1769.3159,961.37317,-267.02548,1729.1647,920.9299,301.37125
image_10.png,93.29191,109.06765,-128.77284,90.76075,105.727295,-138.83734,91.68316,105.137054,-138.81003,92.69661,104.56346,-138.7899,88.341675,105.650635,-129.34761,87.62263,105.053,-129.41653,87.02216,104.4598,-129.48048,98.05377,97.864426,-152.94868,91.08001,97.319275,-110.67912,99.69053,106.945595,-129.95602,97.49621,107.220276,-117.70491,136.48032,95.39793,-148.30724,96.281,80.46323,-75.97029,138.32501,148.99289,-143.16238,98.0027,113.033165,-31.071604,138.74776,184.05856,-149.24081,93.67853,147.62201,-55.138527,131.96095,192.05927,-176.93289,84.46866,150.54303,-68.85503,127.51271,187.27216,-180.12218,87.30284,153.61835,-88.41154,129.56313,184.04723,-152.63785,91.3434,153.39027,-63.489902,191.2418,83.51047,-32.51722,174.36264,75.84946,32.250328,222.78941,93.47433,81.986725,204.39134,88.17023,132.52284,247.12233,97.44604,187.9137,233.162,92.22291,249.85263,257.3497,92.20951,198.13565,238.65097,88.488976,263.5744,243.77847,110.6065,185.48355,233.79495,105.74804,263.1068
image_11.png,91.29658,116.58538,-32.88974,87.4807,113.02174,-40.358948,87.60214,111.89535,-40.38009,87.784355,110.68895,-40.388542,87.165,114.6462,-27.776762,87.05463,114.6782,-27.775328,86.95156,114.72585,-27.786486,90.75504,103.0843,-51.85301,89.273994,107.85231,3.1310105,97.49136,114.591125,-35.066933,97.01004,116.17566,-18.888117,116.77065,103.55259,-77.25864,115.7642,93.048874,53.661213,128.68503,136.33472,-100.636154,125.35263,116.391716,83.02924,118.63044,166.37788,-91.04089,120.84665,139.06436,65.41703,110.66011,170.90295,-106.28358,113.79821,138.5143,68.55199,108.235146,168.41148,-96.65606,113.73619,139.60605,54.919537,110.917465,166.34882,-87.27739,116.046875,140.59753,59.351997,187.71132,99.180435,-38.26622,184.75853,91.87611,38.245884,234.94882,118.803024,-30.480188,231.64525,115.48728,54.80033,284.97012,129.48769,-18.064606,277.30048,125.782455,75.187,296.75656,126.948006,-18.280153,287.99762,123.422005,76.45324,281.9877,151.47601,-38.81429,276.41074,146.30191,62.05286
image_12.png,91.99685,111.887695,-48.514984,87.518845,108.54578,-52.157906,87.68114,107.387024,-52.180504,87.85132,106.17962,-52.194374,86.92549,110.1537,-42.125916,86.69928,110.177246,-42.117405,86.48281,110.2182,-42.113613,90.75308,98.53685,-51.561844,89.06819,104.03588,-8.010519,97.3979,109.90541,-46.83265,96.95882,111.65606,-33.904186,118.474106,99.66485,-72.53844,116.35382,90.62345,39.39325,126.94261,134.1517,-96.31692,124.13636,111.633545,67.50791,118.186325,166.8641,-92.012024,120.3162,135.59294,49.073425,109.68056,170.68861,-106.08768,113.20227,134.74223,50.643326,107.33418,168.97054,-97.15793,112.57597,136.4558,37.55439,110.35063,167.39966,-88.60116,115.48692,137.06181,43.167377,188.75644,94.21457,-32.52173,184.98474,91.9144,32.473324,233.05565,116.45039,-24.11434,228.95819,114.20541,47.39448,285.3299,129.39249,-19.867722,276.41534,124.35302,63.70611,296.75543,126.41382,-20.89064,286.86566,121.56684,64.67914,282.08722,151.3317,-37.75663,275.97485,144.77951,54.826893
image_13.png,91.17204,105.16557,-25.175394,87.1578,100.930466,-34.90773,87.429184,100.25599,-34.924873,87.72037,99.5095,-34.928722,86.93104,100.95032,-19.93125,87.02267,100.3389,-19.919893,87.106865,99.6733,-19.915506,92.3874,92.58104,-57.289555,91.34445,92.83023,8.870949,96.597885,104.98768,-31.771748,96.45262,104.898895,-12.343558,118.146706,97.94267,-88.15496,118.66609,87.607574,56.24875,114.247246,140.7524,-112.577805,116.981224,116.90496,77.68411,104.48661,166.76462,-107.32451,109.937645,141.65297,43.66696,95.39443,170.29079,-127.90727,102.497986,142.06296,45.244507,93.86188,166.57,-116.66787,102.22594,142.9451,27.826271,96.567116,165.28531,-103.69744,104.71886,143.4973,35.5205,191.11203,98.04931,-45.488358,188.32692,94.26674,45.48007,233.67918,121.34005,-39.3082,230.54005,118.43394,61.3056,286.3099,132.49054,-23.42473,277.9574,127.86109,84.437164,299.46603,130.74446,-23.401428,287.8918,125.685,85.9075,281.34073,153.45789,-48.184643,275.67587,149.51543,67.83585
image_14.png,87.18214,111.34318,-46.477203,85.0068,108.15784,-55.489,85.38163,107.60014,-55.51636,85.76469,107.03506,-55.53945,84.68284,108.22062,-40.699867,84.83331,107.72425,-40.698784,84.95942,107.179306,-40.70908,89.91531,101.57753,-71.828316,88.462814,101.76274,-6.82533,93.11854,109.95689,-50.40529,92.92808,110.19334,-31.408571,121.29113,102.85201,-105.26611,120.58716,94.49155,54.292404,131.64581,137.05478,-123.45384,132.38716,122.65436,74.56428,125.38009,168.12315,-116.099655,125.21761,144.40594,37.778107,117.35103,171.03397,-136.034,117.79882,144.95975,38.25377,115.68637,168.71365,-126.945915,117.590576,146.26895,22.258526,118.810745,167.67204,-113.01262,120.24402,147.28452,29.937748,184.84195,110.10041,-48.176533,186.55106,101.12336,48.157238,235.08047,125.475845,-29.796131,234.8007,121.09947,70.34883,270.8429,129.17142,2.0094652,277.76138,128.50443,108.20114,293.2372,133.97113,3.7875261,286.08456,125.89889,111.16179,286.84048,151.53532,-23.05359,281.262,144.5593,87.93856
image_15.png,217.28816,121.479744,-187.49281,220.62152,117.26754,-182.49118,221.0263,117.02416,-182.49432,221.48009,116.792,-182.59315,218.94887,116.04057,-193.86905,218.02621,114.89039,-193.91452,216.98619,113.59065,-193.88622,217.32597,111.26821,-142.5719,210.39474,106.87871,-192.04504,212.73674,123.023315,-169.7211,210.11888,121.15577,-184.08566,212.77652,122.45962,-97.89917,175.43777,106.40474,-180.53372,219.37843,153.59373,-54.15159,143.35504,143.02881,-190.4505,227.41867,188.64865,-53.241966,147.63611,186.74402,-201.94528,235.54208,195.61813,-61.452564,146.67032,198.10646,-223.68883,231.33559,196.67535,-74.57991,155.00809,197.26306,-223.62646,227.3792,195.23335,-59.81322,156.21718,194.07716,-203.16737,149.2603,148.2366,28.92384,133.18079,139.47536,-29.003998,115.96914,172.05217,101.69799,102.248436,170.52052,55.48366,88.6636,189.57056,192.02199,71.4161,187.98277,141.8826,83.22706,188.29724,200.94353,63.010345,189.71274,148.98625,89.546906,205.6727,187.70265,73.88962,204.4836,122.89653
image_16.png,215.27281,114.23483,-178.64195,218.59456,110.11936,-172.29932,218.91653,109.84651,-172.31342,219.21085,109.53742,-172.41655,216.97446,108.97708,-185.17055,216.08739,107.92937,-185.22217,215.05507,106.69208,-185.19353,214.13817,103.28009,-132.14954,208.12222,99.814445,-188.6809,210.89334,115.62988,-161.46512,208.21889,113.967354,-177.86435,207.00044,116.24673,-92.9572,166.74559,101.77751,-180.68282,214.56845,151.28586,-60.67452,144.67119,144.01263,-188.29898,223.60493,187.4596,-67.93996,146.29825,188.84375,-194.94461,230.23083,194.4833,-76.73546,145.1592,197.78381,-217.271,228.6675,195.9916,-91.05716,152.34767,197.55888,-215.9671,225.15439,194.27565,-75.300835,153.6733,194.77774,-196.13313,145.87025,139.63986,28.969599,128.28993,133.4288,-29.01521,115.07115,169.43385,95.56869,102.90994,167.28503,47.01153,88.25866,186.48296,180.56987,73.053566,185.26233,127.21705,83.241425,185.6166,188.94077,65.15403,185.89891,133.6727,88.71355,205.47333,176.75581,73.14162,203.91006,109.04345
image_17.png,212.22542,108.10953,-189.20987,216.01245,102.75345,-184.93271,216.43561,102.27193,-184.95299,216.80142,101.73812,-185.04529,213.69708,102.11904,-197.40794,212.50664,101.21113,-197.46408,211.22449,100.259964,-197.44441,211.79031,96.63478,-148.38937,204.53183,94.13171,-203.52145,207.96964,109.79949,-172.7234,205.26128,108.538475,-188.74715,206.39775,113.43224,-107.78917,164.60982,99.0518,-191.90215,214.1248,149.37775,-84.86765,150.24731,143.11786,-196.42067,225.51595,186.73648,-110.9848,149.30232,189.39815,-209.67244,231.04189,193.43951,-124.3709,149.13249,198.72664,-233.70561,229.20589,194.97623,-139.53844,156.07835,198.34149,-235.1415,226.18576,193.0907,-119.128815,157.05937,195.6095,-211.87439,147.0744,142.8193,25.332575,129.40016,134.74318,-25.39244,113.45965,170.6621,100.62617,100.500786,165.75272,60.213676,87.91568,191.15828,194.69746,73.88211,188.04227,152.92355,82.62062,190.21414,203.92657,67.69609,189.76883,160.42587,92.990974,206.15857,184.7948,75.175354,206.20238,131.21904
image_18.png,197.47124,116.08895,-138.3586,201.12297,112.44232,-133.39542,201.44473,112.25957,-133.4155,201.76508,111.99678,-133.49547,199.61021,111.35433,-144.87607,198.77765,110.365105,-144.91234,197.84299,109.250984,-144.87962,196.67305,106.55224,-99.02718,191.64783,103.77805,-150.0228,193.2649,117.71991,-123.55234,190.96396,116.27473,-138.27075,188.3268,120.00888,-65.710205,156.60812,106.58576,-149.62982,189.54248,156.59065,-51.918774,148.0226,149.40155,-163.34268,199.57187,190.60928,-86.23596,158.27742,188.72351,-173.99263,204.70757,196.78874,-97.921745,158.70612,198.26064,-195.1206,204.24644,197.425,-111.49326,163.68115,196.67287,-193.23767,200.74185,195.37035,-93.583145,164.0957,194.4113,-174.57635,128.6972,145.15547,25.478786,111.69723,136.42381,-25.508766,97.566055,171.26733,75.94371,87.402,166.28096,32.023148,72.40043,194.81393,143.40834,60.8127,188.64774,101.32081,65.64963,197.20607,149.40009,54.798923,190.84042,106.25212,74.52601,215.38402,134.5307,63.63276,206.2503,82.068375
image_19.png,192.19589,116.84397,-131.1014,195.63744,112.95994,-126.52797,195.88715,112.69963,-126.54626,196.10217,112.373375,-126.61705,194.3603,112.38628,-138.4409,193.62215,111.6103,-138.46841,192.77716,110.6725,-138.43672,190.80978,106.77838,-93.17069,186.64778,105.24114,-146.65134,188.47864,118.212265,-116.5898,186.58818,117.22942,-131.99733,181.64494,119.3375,-59.163326,150.2064,110.42482,-147.72404,185.2245,155.4008,-42.91922,146.9342,151.20639,-160.54288,197.28004,190.1478,-72.71524,157.07545,187.2899,-167.66104,201.78035,196.59897,-83.28778,158.0069,196.33386,-187.96153,201.45007,196.88197,-97.19264,162.51003,195.46243,-185.79555,198.60117,194.91925,-79.89642,162.9085,193.26292,-167.95201,123.53227,145.5552,27.740166,107.19444,139.05997,-27.748442,94.71533,170.86607,81.72349,83.86148,168.0085,26.790396,72.39481,193.28113,147.37442,57.202988,190.76353,90.80535,66.9802,194.14143,153.36569,51.459454,192.77878,95.22316,74.74832,209.00946,142.53577,61.02038,207.1811,71.074875
image_2.png,534.8352,308.92902,-11.150043,540.704,300.3778,0.590894,540.174,299.06647,0.55804044,539.6285,297.59863,0.55672616,540.8198,299.9233,-42.296646,540.3652,298.335,-42.33446,539.872,296.59747,-42.41243,529.0551,284.46286,72.9495,529.2783,285.35062,-120.06894,523.0079,306.93323,21.55701,523.0225,305.72293,-34.839836,453.60492,263.64297,204.32918,473.7345,276.89618,-203.3033,416.95145,326.2084,248.45288,440.86542,343.59402,-272.34064,432.98035,379.3897,152.44675,462.1764,424.44373,-272.363,447.8361,379.65204,155.6412,481.91437,432.04803,-320.46146,453.37473,382.63724,123.8814,485.56836,426.27747,-286.9111,448.67474,385.5425,135.39691,479.42365,423.70862,-260.01212,309.79068,255.9658,120.98075,314.1966,265.41992,-120.77624,210.02249,310.93143,157.04375,211.0066,319.57245,-79.5258,96.42295,330.95822,248.26501,87.385826,344.03476,-7.5490656,73.17328,327.177,254.91057,61.16405,338.17102,-4.95949,97.2276,378.35944,200.40785,94.91536,393.5836,-78.90444
image_20.png,228.83168,53.37033,104.93285,232.18889,46.727493,110.77428,231.6213,45.635036,110.71742,231.04224,44.44569,110.628654,233.45514,47.0546,91.14703,233.7471,46.256516,91.1528,234.0174,45.306637,91.06397,224.71452,35.909683,139.89331,229.36325,38.237457,48.837334,219.06955,54.039856,118.174614,222.35878,53.931854,91.52464,168.45813,31.897629,173.78763,214.59341,45.76179,-12.255789,141.69734,79.69493,179.81763,219.99092,113.54091,-42.90749,126.581696,128.96999,172.40778,229.43286,187.48279,-12.56633,131.95477,131.62614,176.62611,243.5375,193.28448,-23.22779,136.0439,133.04434,165.268,246.2936,190.55421,-6.508271,132.90712,131.88818,166.93901,240.57968,189.10101,-4.5189724,74.47648,77.0157,48.750668,97.357994,89.61646,-48.85545,-0.42326164,134.50137,39.90402,11.067335,167.10008,-62.92749,-73.53977,166.36287,64.665535,-68.78,184.32735,-40.179333,-86.40633,166.41821,65.00027,-78.75192,180.84058,-38.203213,-85.17118,183.199,28.161793,-88.36071,202.79836,-79.68004
image_21.png,214.954,54.107082,146.15889,217.68115,46.681423,147.84044,216.09262,45.006252,147.82219,214.47379,43.33534,147.77206,221.47044,49.27552,134.76497,222.59572,49.33451,134.73926,223.88344,49.11928,134.60515,209.7137,36.66352,149.62697,222.01535,43.97579,88.5355,206.72368,53.856873,148.42339,211.9639,56.00728,130.49976,166.72849,34.457947,154.53549,215.93388,51.77124,21.950415,144.34346,87.872505,149.49094,220.85889,119.11345,-4.473891,128.293,133.58173,145.24384,230.10942,187.99786,17.790478,131.77391,141.55836,147.19308,241.6765,195.26228,12.117843,136.65761,142.975,140.23753,244.35005,192.59462,22.146828,133.8771,140.68336,141.33168,238.70131,190.91676,22.83533,88.861885,83.95676,28.508898,110.53357,100.128975,-28.730087,35.59586,118.41475,20.686127,40.850956,152.11589,-42.78384,-16.619055,149.26625,-1.0659652,-30.034994,188.1473,-84.2976,-28.48258,153.73517,-4.762977,-43.034966,189.05426,-88.97697,-21.072962,156.87158,-28.820045,-39.554085,211.1621,-129.1364
image_22.png,228.38281,60.653465,72.45749,231.56873,53.600163,77.066895,231.10446,52.543266,76.9958,230.61984,51.378582,76.8962,232.50787,53.947,57.988445,232.6818,53.19731,57.977425,232.8348,52.363655,57.89017,224.01671,43.31626,103.22478,228.00615,45.97454,14.188684,219.63008,61.721497,84.98783,221.99368,61.861515,59.012527,168.61214,38.721077,140.04214,213.21756,55.049755,-39.852,135.64526,79.48405,160.28783,219.78856,120.438354,-66.25459,128.85538,124.83504,156.65926,231.91066,190.61176,-41.142864,127.94987,127.35117,162.49129,245.8344,197.59875,-50.2822,129.8433,126.69905,149.66519,247.89445,194.65402,-34.644863,131.3972,125.97013,150.90059,242.3838,192.9246,-33.16775,77.65991,89.45604,44.566452,98.45582,103.33374,-44.67469,8.632271,140.24536,34.010956,21.341597,164.21959,-56.27007,-57.670444,174.77019,53.695923,-53.09853,196.69421,-39.233448,-69.2711,176.78769,53.588634,-64.47112,195.84,-37.73293,-64.97023,191.2357,20.317421,-63.684143,219.918,-76.42452
image_23.png,233.29488,52.03903,118.6617,236.4946,44.219894,126.25697,235.93506,43.34282,126.18573,235.31454,42.489845,126.10057,237.53406,44.28184,106.95825,237.67453,43.422195,106.937836,237.76276,42.534348,106.82082,228.17888,35.758133,163.0774,231.50684,36.261944,72.51817,224.3299,53.471394,134.40248,226.5112,53.224644,107.86235,173.25836,35.785778,193.53746,217.11385,47.132744,12.404298,146.87178,83.12074,201.8674,223.25491,114.529594,-31.167917,128.79924,132.72437,192.24573,230.86469,189.70476,-15.918925,130.80315,137.375,193.45279,242.79538,196.47922,-25.246881,136.04338,137.50887,183.83492,245.3944,194.36649,-11.484058,133.68907,135.355,187.12082,240.11337,192.75188,-8.77203,75.83433,84.553276,40.196102,97.14789,94.73507,-40.32618,-7.6609426,139.9215,15.990518,8.506841,162.78809,-68.52358,-85.52844,170.01143,19.93122,-79.27601,179.8589,-59.450768,-99.38296,170.49652,17.862003,-89.694984,177.63126,-58.84583,-99.22341,181.1933,-25.902859,-102.55754,192.88844,-107.64858
image_24.png,50.786922,69.814644,-33.798183,47.879845,63.8764,-45.155617,48.507614,63.33798,-45.17688,49.22097,62.82707,-45.193047,47.239388,63.735256,-32.1398,47.404514,63.078568,-32.15352,47.609158,62.3615,-32.1596,56.820942,58.469803,-71.26057,55.30949,56.74195,-13.637557,57.914925,70.9562,-41.06028,57.163998,70.91901,-24.188105,92.00098,76.114006,-99.76066,95.747215,48.241894,35.989838,98.22142,111.86143,-100.72262,107.528435,75.499664,112.26641,86.19922,138.39801,-54.3892,87.80623,96.840775,185.44987,77.28376,144.88971,-58.69661,80.3669,97.534904,196.15636,75.060524,138.24574,-59.439827,78.63417,100.17424,188.6013,78.7747,135.734,-53.311115,82.05805,101.2429,183.77391,191.00299,93.51473,-41.383446,183.53073,78.42923,41.390736,237.81316,114.46885,13.229169,226.09438,102.97797,90.46723,294.73892,121.64542,47.55165,277.1935,111.48735,135.15709,309.22574,118.78095,50.314396,289.3806,108.72242,139.42152,286.35922,145.93922,36.44737,272.7222,133.65561,144.22491
image_25.png,37.30168,78.13141,-34.601936,33.79611,73.20346,-46.099403,34.345127,72.684,-46.114544,34.917435,72.14496,-46.126015,33.393974,72.92924,-33.64055,33.656395,72.22064,-33.64546,33.92358,71.438736,-33.649666,41.6869,67.229294,-77.517075,40.413406,65.66893,-21.945404,44.490402,78.18204,-44.042225,44.22914,77.96888,-27.785162,79.36862,80.77769,-100.93434,74.255226,53.990868,15.569334,80.50236,118.35354,-99.0733,86.82939,70.259964,90.24197,64.28649,148.01839,-58.45051,68.45922,91.40762,155.33965,57.195637,155.3278,-65.199,61.627117,92.36841,162.17528,52.613503,149.41107,-65.41319,60.506004,94.946724,152.61668,55.2574,146.93953,-57.709557,63.82829,96.11531,152.61745,176.33784,93.0866,-40.278202,163.69832,78.849174,40.27321,221.1203,114.61122,21.626389,208.7182,105.54646,95.62747,276.3054,125.65826,63.09312,255.15291,116.085556,151.59271,290.1936,122.38125,66.64257,266.5454,111.693924,157.43219,272.30838,149.53212,47.19099,264.96307,131.97978,160.49895
image_26.png,98.59359,93.244286,-223.21362,98.12116,88.2419,-231.71954,99.677956,87.664635,-231.72151,101.431,86.91324,-231.80208,95.03574,88.27364,-219.20107,94.323235,87.8183,-219.24687,93.58953,87.28585,-219.2736,111.6556,80.72087,-233.51302,101.205826,81.8906,-176.45602,106.79271,94.34925,-219.95326,102.65732,95.1626,-203.52493,142.75076,86.00508,-213.55388,108.03106,80.888405,-126.90461,155.65182,135.79417,-233.54579,104.3522,116.11983,-119.34051,133.37032,166.09846,-240.56223,105.52349,156.66678,-159.7571,127.43004,172.78998,-268.1613,100.06504,160.14276,-176.34908,121.95065,168.21059,-265.29886,102.99891,161.40791,-189.60608,122.93229,165.44846,-241.24329,105.4863,159.50926,-167.0286,176.52179,104.238144,-28.089945,149.97957,102.689674,27.883081,207.48843,114.17497,43.87866,145.55464,92.75091,164.51353,253.51958,112.45136,134.54826,168.00945,100.563095,313.5019,261.12384,109.26253,142.9933,173.29286,100.924736,328.97107,258.28802,131.39998,105.4871,167.15305,108.51698,325.66263
image_27.png,188.54097,141.79694,-184.62572,193.41566,137.2833,-183.12984,193.65598,136.53265,-183.16914,193.83766,135.58868,-183.27277,191.52809,136.44122,-194.9652,190.33281,135.08415,-195.02339,188.90437,133.51761,-195.00977,187.69739,126.430435,-153.7431,181.18845,124.66462,-206.07878,182.56883,141.08363,-169.64732,180.62814,139.80316,-184.83926,174.77063,118.57271,-116.11557,136.1362,119.240654,-185.39848,164.22037,140.29471,-50.885975,98.376434,148.35698,-172.40933,162.90561,176.35437,-40.57222,104.21215,195.40115,-175.60153,168.98817,181.1756,-49.80867,108.571945,203.8675,-200.02432,166.18163,182.44756,-65.88202,113.61296,201.88487,-201.88219,161.63893,181.09964,-47.02081,112.78311,198.98468,-177.90546,113.45358,138.75113,25.289562,95.4671,138.40407,-25.297762,82.5757,148.09482,140.55318,72.64195,150.17455,93.715515,64.05784,148.03226,263.22006,56.431744,149.31792,217.81989,58.773846,146.36765,277.0667,51.0896,146.5794,230.69995,67.679306,165.16287,272.7492,59.855698,164.80426,220.59846
image_28.png,185.99901,126.46781,-209.1523,188.88101,121.17795,-205.48773,189.11557,120.56393,-205.51851,189.34506,119.86778,-205.62294,186.8201,120.46493,-217.96436,185.61229,119.39445,-218.03291,184.31546,118.25658,-218.03883,182.88402,112.969864,-167.46973,176.1658,111.20277,-222.64877,180.81914,127.8921,-191.43484,177.6935,126.820984,-207.41238,173.54756,117.13151,-126.86107,134.79695,107.48328,-203.07251,167.0865,142.52797,-77.21615,106.985405,143.16429,-197.09448,168.00854,178.81696,-79.15063,114.58427,186.80208,-208.19006,175.26364,183.65976,-89.25447,118.3248,196.55434,-233.68536,172.59885,183.44489,-104.07803,125.95788,195.00877,-234.06007,167.86931,181.85158,-85.56723,126.43214,191.6913,-209.9707,117.28592,144.10316,22.648846,98.19397,134.18987,-22.66815,84.87271,151.71243,132.89276,69.937416,146.94308,89.38545,70.56324,153.1604,273.5003,57.710186,145.86032,228.21257,67.906525,151.2207,288.62152,55.576824,143.09789,242.10739,70.02022,163.69781,276.18988,56.80639,159.72227,223.887
image_3.png,657.15674,233.85841,15.960353,664.3909,221.2188,22.02793,663.5632,219.31157,22.033773,662.7675,217.34538,22.039476,664.8872,221.85382,-12.413987,664.50055,220.48386,-12.432831,664.1648,219.08087,-12.442059,649.88495,204.45392,85.026245,652.34204,209.37936,-69.82711,641.7655,232.69615,47.20165,642.15283,232.83774,1.8019413,556.33154,201.55861,205.05576,583.59576,225.96115,-140.76518,533.8665,292.08078,247.22647,567.97424,328.36133,-172.88113,531.088,371.92798,184.74864,579.5594,439.36444,-152.40761,549.387,376.33615,192.1648,606.82294,448.23517,-191.50906,555.5738,378.48865,150.44824,610.10297,442.36526,-152.99901,548.4623,379.07758,166.16806,598.8224,439.79736,-137.24597,376.12872,231.19882,93.91544,381.84723,248.25902,-93.83567,245.83699,303.1056,134.99084,246.47044,319.53226,-51.14857,103.907814,333.78442,214.72256,96.66941,353.88824,9.69839,73.670555,328.04706,220.19511,58.854393,343.64664,12.400052,112.740456,391.80307,170.31732,108.06723,408.76758,-53.50441
image_36.png,144.88666,85.043526,-34.778687,139.21077,78.55149,-49.57544,139.9684,77.17613,-49.630352,140.72586,75.64942,-49.685028,138.42485,79.23451,-33.15029,138.5603,78.42917,-33.18231,138.63924,77.50308,-33.212837,148.43037,66.845634,-84.885925,145.33702,69.01808,-10.988833,155.05646,82.899025,-44.354794,153.94315,84.14288,-22.812645,190.17162,76.617256,-126.07676,184.62575,65.76364,53.082077,194.75926,137.28726,-114.87251,191.08572,105.17648,111.17284,185.3542,186.14465,-34.274906,178.35011,140.8255,129.6321,180.02953,196.73764,-39.45673,167.99605,144.58856,136.73325,174.0216,191.31703,-31.21437,167.07462,146.53645,123.384056,177.60779,186.61554,-28.052814,172.22311,144.97385,124.3276,292.68802,104.25896,-48.906586,286.8077,99.17722,48.903004,299.303,140.54207,19.442507,315.17355,132.02301,134.90532,351.65228,141.81113,106.9818,358.65582,139.81075,200.08049,361.8079,134.50482,117.07818,368.6543,136.78111,207.91853,356.64127,163.66212,132.84357,360.4489,161.76495,223.2142
image_37.png,129.94608,75.87786,-27.82396,123.23121,70.27195,-42.878124,123.56859,69.04182,-42.927124,123.85413,67.83072,-42.96096,122.999504,70.727425,-25.211624,123.136955,69.92985,-25.149324,123.17055,69.1979,-25.160608,130.1402,58.174187,-77.09641,128.29726,61.40213,1.6787859,139.82938,71.91091,-36.81261,139.1959,72.92564,-13.628236,172.3507,63.735725,-120.10162,170.97832,55.183674,66.45706,171.33513,127.32151,-145.05524,169.12068,102.16472,117.531784,163.42862,189.4859,-112.70377,158.58235,137.24387,116.875824,155.74504,193.67157,-131.7599,146.80734,137.67621,122.78029,152.03064,188.74358,-115.51281,147.86058,138.9359,101.629715,156.1863,184.76146,-106.001816,153.41295,139.94348,107.72046,291.3986,85.42235,-51.519447,283.84787,82.14379,51.570435,348.10474,123.66453,-24.393496,343.6478,118.92829,95.47545,409.02942,126.84634,42.4734,406.12823,131.43532,143.30238,417.7414,119.04214,49.072388,417.97025,126.7898,147.90526,422.5205,148.2579,40.871494,415.55997,155.98781,135.40619
image_38.png,116.729324,81.51144,-33.563618,110.03631,76.19821,-47.676964,110.37948,74.982994,-47.70446,110.67483,73.7319,-47.754097,109.348,76.93368,-30.888617,109.224365,76.25197,-30.859446,109.06917,75.53827,-30.899796,115.69091,63.313267,-79.23629,113.98986,65.68033,-3.0781703,125.04096,78.48368,-41.56786,124.63377,79.930145,-19.283175,159.05217,60.564106,-115.243866,155.38165,62.259434,55.15548,160.93677,125.34519,-124.599495,157.11655,104.08583,84.65305,144.34431,170.47134,-86.51378,147.47171,139.38289,56.24258,137.67487,178.34616,-101.14654,136.47641,138.90253,57.57474,133.99771,173.57187,-89.25227,137.09497,140.45166,37.812958,138.01697,170.47716,-80.89874,142.88498,139.59787,46.888317,275.57327,83.60556,-41.326427,265.2409,88.93082,41.402817,333.17398,130.14917,-80.633606,300.61234,120.38616,89.46226,329.23785,114.94771,85.66575,319.10272,124.24746,160.99738,327.10413,109.34611,104.37405,323.27612,121.99369,170.8464,330.02374,123.81951,139.82852,323.37027,136.9178,193.90433
image_39.png,121.39565,67.3941,-50.03787,116.70596,60.030834,-62.69234,117.47627,58.90393,-62.76465,118.25556,57.731842,-62.8351,116.06739,60.644455,-45.16648,116.33319,60.0196,-45.124718,116.54942,59.341522,-45.14136,127.491776,50.344975,-87.983025,123.55861,53.52234,-9.467207,131.41245,66.78498,-56.128788,130.11447,67.86384,-33.167416,170.42369,61.59702,-135.96985,165.97614,56.683567,68.526695,170.88235,131.63821,-148.81802,165.78552,90.18913,122.6816,157.98744,196.24707,-107.608345,152.68387,133.27875,131.38356,153.07018,205.7332,-123.71592,141.56529,135.06665,141.2765,150.7308,197.33728,-109.70052,141.07141,136.86739,122.83372,154.88536,193.20767,-100.83082,147.0233,136.0109,123.99468,285.65405,83.0686,-54.701496,276.4333,83.41013,54.786533,333.7921,132.3849,-74.04367,311.67667,120.70769,99.69801,368.1313,128.75934,79.72919,359.65823,133.69261,174.78888,373.40732,121.930275,96.2501,369.1644,130.97559,183.72813,373.8337,145.19374,111.06159,366.55142,154.8341,189.13147
image_4.png,252.22412,64.30715,0.22365153,255.22064,59.790565,3.1307323,254.87201,59.084015,3.1328142,254.51003,58.295155,3.1273324,255.38188,59.875923,-10.205681,255.1988,59.27761,-10.207383,255.01262,58.643875,-10.206803,249.80864,52.941925,29.027859,250.6507,54.484543,-30.664852,246.54042,63.896133,12.683138,246.92902,63.64804,-4.773467,212.82147,48.404186,74.53322,224.74503,56.42701,-57.246094,198.58728,79.89163,92.37488,212.84673,92.18045,-72.37889,202.8316,108.54638,69.90197,219.72278,133.69792,-66.38602,209.37866,109.15904,72.06966,230.53667,139.33115,-81.15783,211.47052,110.46317,57.903065,232.01761,134.97112,-66.56415,209.00246,111.23812,63.35149,227.74078,133.26704,-60.68006,143.24586,55.405724,35.304344,146.45139,62.224575,-35.247475,90.436325,81.14484,46.18237,91.71769,89.33443,-24.122362,32.90426,92.89638,67.615204,31.981867,100.36716,-2.608288,18.45763,91.28212,68.50038,17.7973,97.51081,-1.5714495,38.765312,116.31673,46.81066,39.08927,123.079285,-26.108322
image_40.png,128.6827,58.548256,-278.93887,130.78694,51.014343,-285.02716,135.30222,51.680683,-285.0299,137.1188,50.869484,-285.09756,124.66128,50.112778,-278.3565,122.90024,49.353474,-278.43323,115.24513,47.3609,-278.48196,144.80524,45.154095,-265.1092,125.03721,41.841488,-235.2296,140.09311,61.537983,-267.33722,131.0348,59.86509,-258.58832,183.965,53.121323,-219.98706,124.89593,48.248566,-172.0384,199.33673,100.82371,-204.14998,102.794,100.47369,-136.52257,205.26048,164.0767,-218.48575,97.34815,147.15926,-142.33281,207.84064,171.17174,-246.59671,95.902176,154.60588,-154.8201,202.1096,172.023,-242.20776,98.80927,145.26775,-168.87791,201.73926,169.0,-219.14388,99.03979,153.79355,-147.95345,217.80693,43.703217,-25.59242,192.30103,43.239994,25.359602,241.1551,79.00509,71.32104,208.3203,73.104576,130.1104,269.45157,88.29183,215.28247,236.85133,91.27535,267.61664,274.72864,86.76467,230.78664,242.32274,89.78612,282.81378,269.2649,109.69904,221.71928,243.12762,109.50351,274.15198
image_41.png,110.723564,58.031727,-330.9344,106.88927,46.69616,-335.76382,108.365456,45.277287,-335.7574,113.538925,44.02245,-335.8495,102.66753,48.021355,-325.78745,101.12401,47.39279,-325.88022,100.408844,47.197876,-325.9396,122.47392,35.93723,-316.49048,106.38083,49.00603,-272.50076,123.35761,57.494144,-319.4456,116.65303,61.512894,-306.70782,181.07878,44.206955,-290.97583,124.96992,54.250683,-202.94067,197.95827,98.288,-306.494,107.894455,109.02039,-176.32722,205.18446,170.64037,-322.15942,97.91538,159.49559,-192.15602,207.57095,187.1535,-357.7587,87.34981,165.62114,-207.95224,201.91096,188.42914,-349.90704,87.43346,170.62125,-227.9458,198.96243,182.16371,-321.9151,94.596535,166.97266,-201.19,226.05595,52.863586,-33.743286,196.57794,65.736084,33.573673,263.0571,83.34002,82.11436,229.21518,102.63815,155.98358,289.34265,103.8041,263.12225,264.82327,114.89705,329.11728,296.16592,103.762505,280.70605,270.53326,111.278694,347.74442,290.3915,125.79796,255.04218,274.3816,132.0591,325.99762
image_42.png,110.14893,78.50731,-249.1134,107.98732,68.42981,-255.74083,111.22965,67.207924,-255.73788,113.79274,65.61985,-255.81888,102.06353,69.805695,-243.3466,102.0425,67.06615,-243.48099,100.69616,66.825554,-243.5627,127.40891,54.62012,-252.30965,106.484276,59.62358,-199.27357,122.42266,78.28147,-244.4265,116.16228,79.874794,-229.03401,181.82043,58.34366,-240.52145,123.39046,64.37029,-153.16676,202.16849,124.254395,-259.61816,104.603226,132.14746,-135.98633,201.42044,190.06682,-275.27945,93.39531,193.83066,-158.87616,208.13812,198.85596,-307.1601,78.632904,203.8023,-174.39287,197.14171,197.07054,-306.31317,81.15839,208.85458,-194.19145,196.96835,194.21585,-278.18036,89.06078,204.97375,-169.28404,242.7353,80.78732,-34.686867,212.73517,89.70508,34.555218,271.52255,111.39471,78.81299,245.97186,113.849525,151.83217,298.6721,123.367134,226.18987,286.32895,125.77008,287.04382,305.2742,119.66978,239.45068,294.42294,122.58519,301.33594,300.53528,147.69156,220.72513,291.72888,148.27106,287.942
image_44.png,150.56288,72.99752,115.41227,146.38535,75.01369,127.76081,144.62794,75.23836,127.766304,142.87375,75.4235,127.653984,151.19562,74.08274,132.93433,152.40816,73.80095,133.00607,153.60158,73.50337,132.96371,135.38994,73.553406,154.29518,152.16026,69.89923,179.31094,145.80235,70.072334,121.21001,151.24155,68.75302,128.19133,114.31962,68.31123,119.58223,159.15381,50.60599,147.30136,99.82629,104.330666,67.97175,179.40704,61.968063,115.20117,90.41182,133.83748,38.998764,167.0133,98.36494,95.758705,87.52492,142.79984,38.23006,165.36252,108.91067,96.539986,89.09021,142.42644,37.011284,161.57962,112.40674,114.18082,90.48381,138.1125,37.607655,161.02455,109.40566,101.915596,99.37839,28.642653,-8.576138,128.54921,10.509357,8.111177,100.12558,89.12517,-8.674073,177.10526,42.444702,42.252747,95.392296,140.17996,14.122057,142.01184,84.22333,54.915348,93.32949,148.61974,19.612776,132.73279,88.36239,60.35515,94.91839,167.6009,10.08128,140.2408,99.6786,59.20961
image_45.png,266.87302,123.59311,-80.449646,277.13577,118.36751,-74.848236,277.35364,117.60205,-74.93007,277.52383,116.7018,-75.08786,276.9249,116.39818,-94.57721,277.03278,114.352196,-94.55568,277.0544,112.11876,-94.50642,273.69376,103.39394,-36.05869,272.83224,97.2873,-123.80403,257.07043,120.28748,-63.255707,257.4189,117.62479,-88.20619,219.69269,96.145226,24.093828,218.76263,65.40673,-162.23549,162.20169,111.441574,57.75067,137.84998,92.40529,-164.88594,134.46866,169.72237,16.037573,124.72095,167.72963,-142.3645,136.36642,183.42116,6.6012273,122.47996,185.78235,-160.66112,140.36453,188.74643,-13.939001,132.24414,187.37726,-156.53943,138.8835,183.12862,4.6735725,132.3502,182.36954,-140.59822,83.79312,85.70545,50.985443,80.83717,60.089687,-50.728386,17.103802,107.90786,103.76251,-4.578223,79.45415,-58.84439,28.46847,35.631744,188.88765,15.422979,19.703812,51.226143,37.175007,30.338306,196.72958,24.654457,13.275969,64.29905,21.28456,17.525871,227.82541,15.147181,7.872188,82.97584
image_46.png,147.22363,78.309265,-273.1175,149.42613,77.36949,-277.72388,150.83914,78.231415,-277.7411,152.8079,79.71135,-277.7914,145.83942,74.05247,-273.7188,145.13477,72.97265,-273.776,144.27905,71.93966,-273.8339,158.65614,79.35802,-261.96198,146.8327,69.76105,-245.52757,151.08289,82.1793,-263.77042,147.27762,78.01,-258.91223,176.13066,96.84523,-218.23666,148.52882,57.21516,-189.04524,187.4981,152.68446,-222.10472,133.18057,27.754036,-143.3302,192.86629,197.43904,-236.34775,101.33866,15.496128,-110.02002,189.96988,205.75041,-260.2657,93.45543,12.635277,-114.7131,186.23486,203.98233,-262.0658,93.67318,15.350104,-126.38597,187.00433,201.84062,-238.51096,98.572876,17.883728,-112.714294,191.66608,105.24743,-12.586446,174.51123,86.55848,12.434687,195.8428,132.32115,120.42278,141.5496,112.56483,47.780563,216.96164,133.71445,282.23544,109.75838,141.81929,110.47,219.35031,133.42831,297.9002,110.80655,150.28442,116.64203,218.36458,153.32027,275.85956,95.46002,153.71565,92.570915
image_47.png,196.95514,107.465965,-279.40683,196.68321,104.31025,-277.7103,197.07924,103.545494,-277.70966,197.53105,102.0645,-277.757,194.45686,106.703835,-287.023,193.6908,107.25589,-287.06656,192.91191,107.777855,-287.10205,193.58736,96.99921,-232.50722,184.80212,106.8205,-275.5088,194.0189,108.23832,-258.34476,191.49612,110.61028,-271.07687,188.86035,86.5724,-157.91219,160.42128,123.09334,-242.46176,195.64082,97.99794,-89.1762,156.0712,147.98499,-246.79796,200.80736,103.14422,-63.93849,155.12494,182.58812,-271.38864,203.9365,98.153854,-69.99629,143.96404,202.5031,-302.3319,202.24837,101.563644,-83.388336,149.89597,202.27815,-303.1557,199.96822,105.94711,-68.30032,149.3207,199.45259,-273.879,150.7316,103.55357,32.086117,131.3581,113.92484,-32.04615,152.0809,139.10712,129.70148,115.11397,137.13716,75.053055,137.6693,162.23798,281.922,86.011086,133.09854,238.30186,132.18716,163.67563,298.362,79.67055,127.968,255.30264,144.0592,180.4184,282.81378,83.74512,149.58646,223.01027
image_48.png,160.26003,119.96444,-253.28575,164.25055,117.76145,-256.91443,166.72614,117.29169,-256.92468,169.13022,116.70036,-257.01123,156.99655,117.16501,-259.81445,154.21971,116.08314,-259.85962,151.53046,115.08345,-259.893,174.7812,108.19952,-225.99551,146.5003,107.535324,-239.16995,163.48233,117.88887,-236.56923,153.54552,117.17345,-240.51337,189.4763,98.071175,-168.4897,118.02568,88.44999,-183.49016,201.4851,131.1789,-127.50446,72.18257,103.3014,-166.4531,203.36244,166.0238,-142.84918,74.52646,153.76157,-200.23404,206.26648,172.1741,-160.70558,70.27958,162.42992,-225.08185,202.38226,172.62737,-168.27036,79.383194,163.12788,-227.67195,200.4963,170.72636,-146.24133,81.74437,159.22366,-203.06802,155.33954,59.063557,5.1594896,119.27947,59.052586,-5.2192492,146.71735,64.12977,137.29733,112.17769,62.921707,122.93294,142.5686,55.623787,302.42743,115.33841,62.065353,293.18167,141.00194,51.876698,321.38156,117.48424,59.75893,312.8855,138.27255,69.545395,324.06183,110.74089,73.86462,318.65558
image_49.png,143.05063,106.50452,-242.0959,146.15031,104.04139,-244.45316,148.2175,102.961555,-244.41878,150.16003,101.84881,-244.4809,135.14687,104.03731,-244.82208,132.62868,104.17866,-244.84435,130.1217,104.309555,-244.8383,152.13515,93.301704,-211.46,126.937614,99.51257,-214.46085,145.79974,102.34175,-225.45676,137.69604,106.69471,-226.42519,172.65471,73.450806,-165.55887,103.14408,90.63655,-168.97603,210.41373,93.7833,-146.40938,91.37535,139.45538,-165.59256,205.30156,132.8156,-166.52129,90.58511,189.22797,-188.54344,211.21301,141.48672,-184.37576,83.65702,201.35231,-208.99149,203.38712,143.39555,-189.83688,94.961334,200.86375,-207.96748,199.8203,139.45752,-169.1301,96.24817,192.40755,-189.37283,141.7408,49.391518,-0.94831026,109.4558,59.435143,0.7944953,149.03291,69.00353,116.25889,102.797615,72.49348,115.277405,139.1309,66.17214,270.7188,104.379776,75.56182,267.99283,135.82452,63.74142,288.3934,105.03847,74.73203,285.68527,140.69919,79.105515,293.7637,105.78022,85.78066,291.93402
image_5.png,188.13148,54.797817,-235.32121,191.51009,51.024956,-231.78403,192.31877,51.082676,-231.82127,193.17397,51.091873,-231.92618,188.30011,49.13938,-238.74971,186.39738,47.580807,-238.76787,184.12424,45.73299,-238.76564,191.55228,48.496525,-190.29611,178.03369,40.83753,-220.44963,186.20772,57.270916,-216.64795,181.75844,54.87221,-225.48723,189.19872,58.697647,-137.9109,151.24889,44.476757,-185.19785,198.54018,87.95572,-104.8026,130.78154,71.21313,-175.45143,205.06393,117.27469,-116.8349,129.6217,91.081436,-192.48427,210.10777,124.47697,-126.71203,127.6124,95.60975,-209.20528,209.00427,124.8083,-138.7759,132.26231,94.06771,-216.28578,206.23546,122.27684,-122.535095,133.73402,92.863525,-196.22078,146.78157,73.40083,15.3411255,128.08047,62.300495,-15.374509,135.85182,103.89571,100.387276,115.68671,90.38289,82.02662,118.564285,113.82114,207.60242,104.76217,103.69595,185.52043,114.74081,112.84515,218.83133,102.068214,104.034805,195.62698,118.39939,129.97401,202.80956,103.37804,121.18744,172.27586
image_50.png,54.539207,100.02345,-20.56141,50.796757,94.92323,-29.713638,51.05594,94.169426,-29.756832,51.410164,93.337746,-29.768879,50.840847,94.82741,-14.694382,51.07929,94.071,-14.701481,51.36749,93.24814,-14.701111,57.667995,87.79499,-47.636906,57.090008,87.736664,18.07815,60.63643,100.41927,-25.65673,60.68008,100.4666,-6.35572,87.87922,99.78272,-85.96158,93.77479,95.65955,68.20155,88.321495,145.64424,-106.3421,97.51041,135.93542,67.58031,79.380646,186.1041,-99.17371,87.51232,170.36345,32.050144,71.88455,192.92142,-119.059746,82.00379,175.06024,33.519405,69.72855,191.76726,-103.90528,80.93951,174.89664,14.311969,73.821655,190.23369,-93.924614,83.141106,174.7496,22.627817,167.641,113.71733,-48.508434,166.28224,113.46934,48.492966,224.49852,135.44702,-36.83612,222.54263,133.12561,66.362564,279.18988,152.31818,-8.535674,266.86957,148.17203,103.998955,289.5529,153.04318,-7.666268,280.22333,146.8318,106.66325,278.2103,167.3109,-41.65638,272.23227,163.99936,77.45528
image_51.png,64.73956,105.75672,-15.555254,58.213055,101.13985,-24.883366,58.25079,100.4665,-24.907099,58.30608,99.79181,-24.90763,58.15421,101.24598,-11.652061,58.121098,100.66849,-11.650306,58.10733,100.084206,-11.645539,63.096695,94.38001,-42.201485,62.591805,94.82048,15.812309,71.91323,105.31838,-19.959284,71.75011,105.79794,-2.8695652,90.375534,98.981705,-74.77728,96.18176,95.448074,62.189102,87.6036,145.65262,-98.48729,93.36755,134.40099,71.44101,81.12963,181.451,-91.04945,88.58052,164.16502,41.13429,75.86312,186.04001,-109.14553,83.63566,166.29886,42.539482,75.48537,183.30836,-94.40963,82.105316,166.81833,24.099297,79.18914,182.59464,-85.919846,84.26685,167.02312,32.334915,170.19632,112.19262,-41.913292,167.85934,111.98473,41.88123,226.0498,134.90375,-35.03144,224.30948,130.97583,48.816135,280.77927,148.83884,-20.069996,270.72836,145.88329,72.17207,291.93488,148.88008,-20.633614,281.81653,143.87106,73.62007,278.4319,166.0654,-54.535725,272.3486,161.00812,45.31454
image_52.png,72.07123,113.96637,-13.993577,66.039345,111.12744,-24.129826,65.76143,110.484,-24.147076,65.46304,109.83884,-24.156273,66.01004,110.98648,-9.201277,65.75726,110.22368,-9.191367,65.48571,109.44581,-9.1883545,67.11939,102.89713,-44.833374,66.76263,102.788574,20.919931,76.218994,112.0101,-19.797094,76.16476,112.24052,-0.5041592,90.98707,102.119,-79.45102,93.07173,98.91551,68.78705,93.04356,143.2223,-109.67202,92.447365,135.06685,84.314644,82.82752,177.71895,-107.648026,87.32238,162.67587,42.830894,74.271355,176.19112,-127.778336,83.109344,165.8277,42.718407,73.17964,172.88142,-115.45441,81.86559,166.63608,24.08199,76.74727,172.29889,-103.64019,83.895584,166.26471,33.560535,165.23468,112.50207,-45.860268,163.82526,110.321976,45.840965,218.41621,134.41438,-45.93647,216.61452,130.37811,52.18873,273.08542,150.31943,-31.07582,261.02283,148.0848,77.34289,282.22256,148.53212,-31.138256,271.71686,145.81223,78.76067,280.63583,166.09659,-62.663128,271.7036,162.35307,48.730785
image_53.png,55.873024,106.50984,-17.761024,51.988308,101.58564,-26.128738,52.371323,100.91302,-26.163841,52.813213,100.21732,-26.179329,51.6292,101.876366,-12.895706,51.71788,101.509346,-12.894882,51.82155,101.11083,-12.88627,58.699238,95.6841,-41.21855,57.17968,96.69542,16.507858,63.521854,106.854324,-21.727497,62.666447,106.97458,-4.6758986,87.46229,101.50611,-75.109474,94.98626,96.29461,66.33815,86.78985,146.65932,-93.785835,93.92409,135.983,78.356964,79.9117,182.28178,-78.90413,87.129814,162.92815,49.03229,77.31347,185.88512,-94.053696,83.522865,163.48753,51.781685,76.870705,181.99442,-80.35364,82.43738,164.4578,36.17967,80.46573,180.77153,-73.60556,84.253876,164.94138,41.539295,168.09712,112.58213,-41.936733,167.04645,110.62192,41.906227,224.52292,134.18071,-32.604126,222.51697,129.83,52.74662,279.1594,153.34416,-15.719185,268.18073,146.66019,81.38908,292.4134,152.86151,-15.728849,277.99588,143.36775,83.34669,277.75803,166.8652,-44.741062,268.7303,167.55505,58.583168
image_54.png,126.15091,43.638386,-426.021,129.8442,35.31799,-416.69717,132.54997,34.854904,-416.69946,134.8994,34.410393,-416.70682,122.20159,35.2227,-419.45444,119.281136,34.786304,-419.5447,116.24269,34.505657,-419.62854,137.7784,34.477833,-351.22733,109.651924,34.881283,-366.44278,129.60497,49.845757,-400.78796,121.93547,49.676697,-405.0229,158.49059,69.50224,-295.6911,84.804,74.82959,-324.18106,162.52573,139.95168,-323.70447,88.21866,146.58376,-351.068,159.43462,205.5977,-361.44684,98.16009,215.44044,-380.40717,159.63683,219.71902,-391.2416,95.496895,226.40523,-416.0052,147.7774,218.58052,-395.67072,106.62062,224.22827,-419.45087,144.97896,214.62778,-366.19174,108.39867,219.90523,-384.73538,139.89651,117.87472,3.9490824,100.89426,117.54939,-4.0516458,134.59027,161.87569,166.90773,102.95061,164.6807,141.90219,126.55457,169.0039,386.7679,108.97231,167.14684,367.32532,124.83538,165.97746,406.85895,110.90969,164.47281,387.70798,128.61426,185.99109,366.7869,112.851105,186.77678,341.7242
image_55.png,140.77974,44.491833,-362.45108,144.71753,35.436066,-356.1482,147.38393,34.84429,-356.15387,149.97723,34.192173,-356.17413,137.3786,35.10811,-357.1086,134.61023,34.245426,-357.2006,132.0981,33.37467,-357.26627,154.02034,32.025906,-298.16394,126.622765,31.082703,-304.07584,143.78973,50.56121,-339.16623,136.15523,50.100117,-340.71985,172.32434,65.17667,-240.63736,99.696976,65.69441,-268.90512,170.60901,131.16066,-251.80266,101.12854,131.62202,-281.87396,166.192,193.72217,-286.61765,113.4055,201.18158,-303.17487,171.94937,203.99455,-313.6125,114.253494,208.26372,-335.23434,159.54468,204.03186,-322.2285,124.08681,206.1592,-336.95712,157.22116,201.0111,-292.40536,123.68729,203.26009,-305.731,146.00508,115.77785,5.9561157,111.39088,114.25922,-6.0167713,140.82385,141.06276,174.5591,108.422844,148.61156,132.45222,130.8066,145.20088,353.90417,107.94316,142.25583,335.4627,128.04892,144.13817,371.19568,109.04604,138.85155,355.257,132.54454,160.53989,342.19223,110.001205,158.25069,326.1403
image_56.png,260.65198,92.078636,-13.126454,264.87616,86.453636,-9.728189,264.75363,85.74072,-9.746591,264.65012,84.98248,-9.764906,264.80664,86.255554,-25.679684,264.63223,85.34345,-25.704718,264.4353,84.31207,-25.725138,258.9041,78.00982,18.664343,259.00986,78.24473,-52.679245,254.28209,91.79306,0.38786277,254.12015,91.48595,-20.419262,216.40398,77.84774,70.97231,224.5999,83.68892,-83.380295,205.09132,117.44837,88.19042,217.62546,132.73274,-95.65715,209.19043,148.34781,62.689217,225.65724,177.1652,-75.62485,218.55339,147.54793,63.554745,238.58257,183.25221,-91.09195,220.99501,146.97937,50.021053,240.2282,180.18283,-77.71552,217.73839,149.86565,55.993073,235.20491,177.79,-70.30457,136.70297,100.28635,43.74626,136.00874,105.10468,-43.691887,82.47531,135.74403,68.471306,76.73277,135.09697,-15.811693,30.162794,138.60373,115.09609,14.701051,149.75555,17.89699,19.212282,133.61754,118.70431,8.0066185,144.51962,19.507812,21.849125,160.59805,99.89649,17.65209,175.44858,-12.5329895
image_57.png,259.00476,75.00487,-16.006842,263.3772,70.06919,-11.737951,263.30618,69.54323,-11.753148,263.22623,68.95585,-11.765295,263.08984,69.09464,-26.786041,262.86926,67.960304,-26.806225,262.64337,66.756546,-26.828796,257.52255,61.89865,21.420967,257.2582,60.37933,-45.78741,252.71654,75.540596,-0.88265944,251.79396,74.47292,-20.558815,217.80312,65.14266,77.036476,226.39769,66.27697,-80.605576,216.18726,106.90089,90.80175,227.87872,119.5556,-102.733894,219.66792,141.15424,58.18731,236.69618,165.74382,-90.24968,226.17386,141.28596,58.62069,246.84698,174.01013,-106.80973,227.43982,141.55527,43.871384,249.18793,171.62671,-91.76245,225.42038,143.04433,50.580826,244.57184,168.62126,-84.40025,138.89767,93.368706,46.134533,138.84221,92.66637,-46.091785,88.82155,130.80675,56.939888,81.67467,130.54779,-33.366375,26.538239,141.07176,93.064,21.381899,153.40236,-15.797266,23.789003,132.92723,95.04761,9.27245,149.13731,-16.535173,28.706419,162.75468,71.846886,19.384605,177.36732,-55.01516
image_58.png,254.56886,63.85443,-33.523773,258.59888,58.260193,-29.621143,258.543,57.874607,-29.621822,258.51166,57.398598,-29.634575,258.12006,57.10815,-42.61059,257.78964,55.988094,-42.625717,257.52643,54.818703,-42.62017,253.03665,51.992386,5.1575994,251.85182,49.534927,-52.98994,248.68051,65.56164,-17.560766,247.74478,64.35812,-34.539288,213.4399,59.663208,63.666862,220.80046,62.877247,-81.094574,212.99202,102.5316,86.79981,222.53546,114.19179,-96.524956,219.42516,138.20493,59.680325,237.33505,156.00414,-77.720665,227.80438,139.80812,59.584488,248.7353,162.08556,-92.53766,230.09352,139.45448,44.32658,251.17493,160.14485,-78.993866,226.53918,140.16743,52.095127,246.50195,157.87607,-72.21083,134.89696,90.283646,42.108704,135.42458,92.440544,-42.116917,82.6779,126.68181,60.797634,77.84104,129.78647,-21.38986,31.013935,137.0123,101.77767,18.642405,151.36601,2.377927,19.759285,133.67638,104.6576,6.550347,146.6149,2.532136,25.789917,163.37117,85.05631,17.988214,175.99379,-31.381697
image_59.png,264.1362,68.37979,-11.997765,268.0499,63.303257,-7.3380933,268.0392,62.861958,-7.3500023,268.06433,62.308746,-7.3571815,267.66187,62.45943,-22.154297,267.37576,61.42523,-22.167904,267.08417,60.23019,-22.189146,263.07196,55.142467,27.284222,262.17532,53.708763,-39.08399,258.16678,68.85195,3.613099,256.9527,67.58197,-15.777681,224.89937,59.608513,81.85633,232.82472,59.896255,-73.99531,221.52182,102.17142,99.66537,235.33456,110.43158,-97.72621,226.42365,138.09776,66.37593,246.5113,155.90808,-89.78304,233.31847,139.935,66.36797,257.49908,163.5378,-105.71366,234.99808,139.27457,50.505554,258.91208,160.92958,-92.34867,232.55305,140.16132,58.287285,254.20937,158.52045,-84.37095,147.9992,92.44161,44.353672,147.26451,92.57146,-44.33153,96.28603,128.86005,52.43618,90.33901,131.48846,-38.308662,31.754305,138.07735,82.14767,25.033205,155.06374,-27.006567,26.938782,131.86559,83.35004,7.4316325,150.31812,-28.37328,32.73422,162.0031,60.44295,23.896633,178.08629,-68.03856
image_6.png,233.79634,84.22098,2.229879,237.43333,80.50206,4.297653,237.2572,79.780556,4.289631,237.11441,79.00153,4.269809,237.5445,80.5431,-8.312015,237.47253,79.90318,-8.303054,237.44754,79.24424,-8.310029,233.48203,73.131,24.198729,234.05133,74.617325,-32.29787,228.96767,82.9915,11.943329,228.99123,82.852066,-4.618555,201.28291,65.14097,64.638054,210.7815,73.19687,-60.14184,190.916,96.12724,83.214935,200.30978,108.490265,-71.929504,192.00662,125.22857,64.97075,204.48094,146.65854,-53.964607,198.42001,128.00781,65.82843,214.13248,151.60178,-65.824646,200.6423,129.03394,53.22556,215.25252,148.14883,-54.204216,197.9457,129.2202,58.89328,211.50926,147.01596,-49.211823,137.84659,66.61051,35.412983,139.37901,70.80841,-35.3982,93.014885,88.51686,47.770298,89.526146,91.06647,-32.517635,42.509495,72.98089,78.263245,38.606686,72.38437,-1.9304016,38.497227,65.09104,80.617676,35.590874,64.211334,1.4209524,26.03821,80.13098,69.15901,16.667841,79.519684,-10.463266
image_63.png,83.82456,88.02829,-22.564651,81.19898,84.07953,-31.651598,81.46023,83.530975,-31.675112,81.73094,82.89352,-31.68106,81.11466,84.16911,-16.736712,81.31182,83.702255,-16.740091,81.51468,83.14019,-16.733688,86.43378,78.50437,-51.991093,85.98151,78.80925,15.328783,88.726326,88.39823,-28.642149,88.56761,88.713486,-9.070016,109.93257,84.10063,-91.157906,110.747696,85.546646,65.488045,103.601944,120.14291,-125.99407,111.203026,116.06636,87.43862,92.95428,147.85901,-125.80199,103.68907,140.1432,58.475937,89.76971,156.5505,-143.98235,99.95165,145.27849,58.640022,88.60584,154.8431,-132.36572,97.68437,146.8791,42.019535,89.93766,153.05193,-121.61971,99.82108,144.80188,50.204887,164.28552,110.37236,-50.619877,161.15672,112.35833,50.582417,196.28992,146.38658,-70.82227,193.89053,142.84624,27.737185,247.59073,135.57915,-54.212288,244.93373,136.0575,58.080387,256.06516,126.152145,-52.601917,254.10747,127.38999,60.472553,261.52847,150.55875,-76.996864,258.47324,149.88904,38.232983
image_64.png,80.09289,91.72426,-24.24694,77.35581,88.239746,-32.74731,77.534515,87.69134,-32.77314,77.715,87.08629,-32.78893,77.40108,88.29119,-17.774292,77.61514,87.82411,-17.777699,77.809364,87.30101,-17.77725,81.82001,82.435875,-52.33021,81.26282,82.78901,15.034028,85.53375,91.822105,-30.236788,85.351494,91.98799,-10.653364,105.96425,86.7546,-91.48041,105.869156,89.70987,62.834927,105.62672,123.672,-127.327515,107.38282,121.17878,79.71448,92.53259,151.86351,-134.37067,97.39279,147.83896,44.192963,87.23381,159.70956,-154.83777,93.55902,153.66095,43.168888,85.08359,158.95946,-142.8683,91.778946,153.54451,25.133188,87.26134,156.73201,-130.48933,93.36109,152.26144,35.0965,160.35866,111.370186,-50.054417,158.07025,113.21679,50.03994,193.47566,146.14047,-64.15897,191.9184,141.82666,38.491913,244.02982,135.8216,-38.079803,242.11038,134.8996,73.34656,252.0082,126.80827,-35.32148,251.29472,126.24274,76.18552,258.434,148.70457,-55.706867,256.3744,146.7416,54.119583
image_65.png,80.50835,101.66852,-15.097177,77.70383,97.75807,-23.17618,77.846405,97.13467,-23.201292,78.034935,96.46925,-23.215464,77.744415,97.81173,-8.317035,77.88323,97.267006,-8.310802,78.04028,96.67787,-8.3076935,82.06085,91.81506,-42.285065,81.65753,92.23248,24.254421,84.77021,101.7133,-21.08274,84.71894,101.80486,-1.7074194,107.457535,94.99415,-83.01112,110.69447,94.518974,72.16907,105.35625,128.45511,-124.25235,110.749725,123.743416,96.211525,95.10169,155.12126,-131.59999,102.28481,148.23788,68.54102,89.49952,161.51147,-150.48334,97.70013,152.79878,68.9366,87.81853,159.76227,-139.97118,96.32938,153.02104,53.657787,90.41518,157.7609,-128.13382,98.06598,152.43279,60.79193,163.24452,115.865074,-49.20911,162.10054,115.53333,49.18865,198.96884,147.3105,-60.89625,196.75406,143.0826,38.067135,249.04997,133.31282,-38.98799,246.5141,132.78615,66.88252,257.0724,125.76979,-36.84167,255.16594,126.222694,68.965805,255.08781,149.19342,-55.618183,253.63689,147.08595,48.462543
image_66.png,100.52696,92.08512,4.946825,97.16348,88.03349,-4.221915,97.282135,87.47631,-4.236605,97.38723,86.86543,-4.2395873,97.33617,87.8027,10.475895,97.59375,87.12189,10.475104,97.831345,86.39864,10.495935,102.933815,81.46516,-27.955875,102.79188,81.36245,37.154663,106.193,92.15028,-2.6991327,106.5111,92.139984,16.329437,129.38823,86.11087,-66.82685,137.08325,80.97472,80.682014,135.31395,129.44731,-85.19699,142.05649,116.62186,100.28619,124.46637,163.15147,-77.08874,134.32933,147.74272,75.204605,116.08678,168.34576,-91.178795,129.45625,151.26695,75.890076,115.19893,165.47183,-80.15235,127.89995,152.91821,60.745163,118.92947,163.71951,-72.642494,129.78952,153.43782,67.71171,192.90118,115.1015,-45.05399,193.80371,109.62871,44.99547,230.37209,153.69403,-65.26306,230.08337,146.92833,28.464045,291.4503,140.53831,-55.080257,288.15912,140.51053,47.024563,300.86743,128.20065,-53.270226,298.99786,130.30113,48.297123,309.43243,157.32687,-69.652245,304.67505,157.40257,29.818764
image_67.png,227.74765,113.033745,-211.48038,232.62343,105.44119,-204.49687,233.79521,104.36122,-204.60806,234.83263,103.19192,-204.79208,228.56091,105.05915,-217.7982,226.48567,103.80237,-217.83849,224.17207,102.284355,-217.86082,228.82838,95.05061,-164.44481,211.30135,91.76859,-222.00143,222.48318,115.50753,-194.51007,216.79355,114.01007,-211.09158,222.74646,105.53606,-123.72071,149.4774,94.53381,-214.41696,238.55495,161.19872,-103.03617,109.4777,155.3657,-222.92447,244.55278,221.4907,-136.24223,91.46852,219.57452,-241.52888,256.38855,231.12328,-154.07866,88.589355,229.38005,-274.39523,252.82,231.38072,-172.28189,95.17917,234.37216,-277.9814,245.75484,226.8873,-146.46611,96.42881,227.6939,-246.74617,129.866,124.76712,30.962603,99.45798,108.27711,-30.915987,83.2279,146.56714,117.76713,48.731846,131.26021,58.62127,40.06238,153.9692,231.55644,14.874595,147.74242,158.50334,36.77145,150.90593,243.24054,8.8271,145.31204,166.28493,39.644352,183.40639,229.59184,16.523485,173.06218,129.0674
image_68.png,255.56789,134.55035,-268.5421,259.87848,129.13388,-265.9836,261.64938,128.11668,-266.0644,262.13757,127.75626,-266.25522,255.33633,127.402176,-277.15387,253.20438,125.61824,-277.19543,250.2197,122.356514,-277.2194,257.41537,122.04117,-224.43565,236.83253,112.1635,-272.66406,250.03296,135.98355,-248.47597,243.31367,134.48425,-262.60675,244.39845,132.01639,-167.52579,187.37486,109.69831,-245.46953,266.2323,177.66096,-133.03462,151.92603,172.91125,-228.50111,281.2355,226.49297,-140.66426,141.06,226.97597,-244.63377,289.30405,232.70322,-156.56226,140.98015,246.93893,-273.07166,288.08466,233.16148,-174.14937,152.90044,247.95636,-275.86273,283.92386,230.40785,-149.44563,156.91461,243.019,-247.51965,167.66963,142.82124,21.793034,144.06099,129.7179,-21.758615,128.11752,180.15103,72.15734,99.2076,159.81725,55.469143,86.931694,171.62,225.8358,65.862305,170.07695,184.49632,83.788246,166.3286,242.06625,62.15466,167.241,197.31348,72.57101,187.9918,223.60432,56.20817,196.08273,161.57042
image_69.png,244.952,105.10797,-238.9316,253.71295,98.2982,-237.6483,254.79526,98.31622,-237.73271,256.93494,97.140366,-237.89238,248.61102,96.85113,-249.26973,246.50577,94.830696,-249.31882,244.17944,92.75086,-249.33264,253.40164,90.27595,-205.44067,233.01813,81.573044,-256.2313,240.7637,107.648865,-221.97046,235.29651,105.30866,-236.75412,249.05856,97.17427,-154.76556,179.43999,79.8831,-235.73668,266.0532,147.68129,-141.48393,151.74295,138.77805,-226.10358,285.9223,202.68965,-172.96385,139.58035,194.92372,-247.30666,300.08282,212.44467,-191.14606,133.20612,211.20543,-275.718,298.06424,212.61525,-209.42079,140.75858,214.08609,-280.76596,290.71283,209.43112,-182.65672,143.11281,207.69089,-251.30952,168.44528,120.38973,24.453228,140.769,108.409065,-24.403639,130.42697,156.16646,99.76279,97.964516,135.20932,70.54334,90.25102,154.53996,240.7503,63.61183,152.42549,204.15984,84.36852,149.56477,255.4344,57.712593,150.43095,216.3519,85.642914,178.51132,239.77205,61.67761,184.83276,182.43399
image_7.png,103.26171,99.563896,-75.37351,101.182076,97.86915,-85.26678,102.04843,97.61077,-85.25763,102.98893,97.285965,-85.23911,98.81566,97.1549,-76.918045,98.03808,96.4188,-76.98203,97.30778,95.60028,-77.03102,108.197296,91.175156,-103.737114,100.17363,88.590996,-65.91922,109.04317,97.859024,-78.76682,106.990456,96.97591,-67.71968,142.21512,86.18464,-101.23249,103.75348,69.74756,-41.290825,146.28284,128.78772,-99.20376,103.76694,101.66495,0.91134745,147.40434,166.68086,-94.90321,100.11233,133.12828,-7.1817617,144.48639,175.431,-116.75731,91.433975,137.17184,-15.716082,138.54984,172.06848,-116.46978,95.06986,138.11908,-31.481354,139.40959,168.936,-96.216225,98.89461,137.21925,-13.578065,197.03825,52.129288,-28.696482,176.82208,42.573776,28.522095,229.31833,65.66364,57.04634,214.54605,63.018932,100.83777,248.14705,72.71409,131.23056,233.01659,70.006905,187.66827,255.9654,69.54188,138.34428,241.03127,67.356804,197.9174,242.81744,90.69971,130.72322,233.10844,86.82639,200.67096
image_71.png,292.5578,102.14452,-26.548946,295.82727,97.612015,-21.260336,295.61868,97.365036,-21.274693,295.37067,97.09637,-21.281763,295.71454,97.11732,-32.012234,295.40903,96.56887,-32.018925,295.01978,96.0043,-31.996408,290.6114,93.51192,16.798874,289.72742,93.20489,-31.223839,286.93393,104.19168,-9.597485,286.88516,103.75421,-23.628464,251.06381,90.91,74.42778,269.90286,108.37907,-57.964993,237.97725,127.625595,96.65464,268.72824,159.99887,-54.451385,232.89401,157.70764,87.50147,264.9886,181.30829,-0.66576993,235.46526,158.84753,92.75656,265.27097,181.64815,-7.19279,238.69711,158.57733,79.390434,263.3471,177.2818,3.1967382,237.34204,159.24991,81.82998,260.18555,176.56964,4.440274,177.38382,111.396904,36.623924,183.57147,123.92921,-36.731644,121.93515,139.88145,52.64928,121.09269,153.51364,-33.106678,66.6927,158.74353,84.307526,60.48057,168.71362,-9.913545,59.57221,156.36061,86.40175,51.876495,166.85797,-8.111739,52.456352,169.92624,65.77452,45.760677,176.22086,-33.7765
image_72.png,299.94278,113.02586,-6.768653,302.65115,107.85825,-3.572446,302.33704,107.27641,-3.5973067,301.99167,106.63002,-3.5986469,302.62238,107.92819,-16.248747,302.31433,107.45647,-16.268501,301.98102,106.931946,-16.267859,296.27994,102.81514,23.315683,296.81717,104.39579,-34.32779,293.78702,114.335915,5.9347115,294.00214,114.227516,-10.7950535,256.1199,104.06984,67.98452,273.19925,119.61672,-62.916542,237.45464,136.65395,88.72759,269.24655,168.99019,-62.15601,235.5864,163.33968,82.630684,262.5459,186.01833,1.6348662,239.59966,165.59119,87.713425,267.32376,188.39217,-3.0401022,241.67247,166.247,75.18726,266.2507,184.35661,7.2619553,239.69102,166.01736,77.32502,263.28253,183.7411,6.8872137,183.02776,127.247185,37.78234,189.97601,138.97125,-37.85336,128.16583,150.77371,59.87196,129.49669,162.49864,-29.202843,72.50336,160.98944,99.188255,65.82226,171.39874,5.010531,65.92831,157.35495,101.92819,59.57998,168.1876,8.266199,52.585995,171.15002,82.184525,54.20902,180.11565,-13.758597
image_73.png,295.47742,112.270706,2.4461124,299.17798,107.542114,6.467033,298.91052,106.92818,6.4548736,298.62732,106.26436,6.4587,299.32562,107.443504,-7.701601,299.1814,106.82633,-7.722643,299.02676,106.189865,-7.7298145,293.67984,101.321045,34.88479,294.47458,102.72648,-29.502726,289.73315,112.73008,15.721058,290.11688,112.56159,-2.9960396,253.3687,101.450226,83.90115,270.64398,113.929825,-63.9258,233.51622,132.20349,101.29109,264.79926,161.00949,-64.7739,232.54462,157.7214,87.45919,252.9577,184.57988,-5.8897395,237.38799,160.10112,92.13998,257.40588,188.33539,-12.138362,239.31267,161.15189,79.51586,257.73947,185.03769,-0.48966435,237.37938,160.98235,81.68647,254.96219,183.5525,-0.10123199,181.13947,123.1291,43.39476,188.39842,134.68054,-43.50121,125.578766,145.2727,64.28036,126.81091,158.1164,-36.021534,67.50363,156.09949,102.316505,65.57692,165.67146,-0.11679173,61.40234,152.36743,104.64562,59.334087,162.34352,3.316032,48.46283,167.00446,83.08487,44.714622,173.27608,-19.860374
image_74.png,296.97974,116.790085,1.528845,301.35233,112.35099,5.328273,301.18677,111.76033,5.3134255,301.00433,111.0978,5.3170996,301.40982,112.17013,-8.127858,301.27515,111.46791,-8.139921,301.12216,110.729866,-8.125274,296.46588,105.39588,33.17379,296.93866,106.65246,-28.196379,291.5466,116.84347,14.477003,291.82367,116.58097,-3.3409832,256.98633,103.07145,76.6518,273.31708,117.21576,-58.089485,238.62103,134.73076,97.83838,269.46835,164.85832,-59.51153,236.0894,162.33813,87.66161,256.10422,185.19354,-1.7100241,240.62549,164.80699,92.425354,260.1339,187.96631,-6.7984824,242.21272,165.51999,79.40429,259.5337,184.15826,3.7691245,240.29114,165.44719,81.9916,256.96143,183.31651,3.6286786,183.64584,124.8192,39.927746,190.2015,136.94315,-40.01074,128.06021,147.86516,60.376377,128.49242,161.8716,-33.217976,72.33715,158.7799,97.7481,65.385574,169.1945,-2.8408098,64.57767,156.37999,100.28708,58.590443,166.20859,0.2731934,53.369312,169.75395,81.63373,52.40385,180.92905,-21.650375
image_75.png,189.35129,123.307884,-47.353813,192.922,120.35788,-44.44832,193.08714,119.943855,-44.467396,193.27711,119.54899,-44.497757,191.90147,120.49451,-57.125652,191.37718,120.204056,-57.131676,190.89758,119.990135,-57.124084,190.16858,115.87761,-21.224932,187.91959,117.55768,-78.78596,185.79462,122.60921,-36.25628,184.4411,122.36849,-52.98527,173.06299,109.69008,16.398201,162.27832,120.936646,-95.52968,170.4555,134.86935,60.98749,159.0735,148.70404,-115.398346,173.58815,157.33636,53.25294,162.47644,181.74176,-108.06827,177.76361,160.18193,53.545902,165.27654,188.51057,-125.05377,177.72269,160.95924,39.20654,167.55894,185.8749,-119.020546,175.77512,160.43735,46.878765,166.31262,183.74129,-106.34219,113.62766,116.189514,39.444393,105.06925,122.215324,-39.4937,80.486496,133.02003,94.00953,74.56094,135.4522,20.049532,46.68442,143.30193,159.6768,36.612553,146.64339,78.10755,35.64769,141.67102,166.17381,28.795181,145.78905,82.96401,47.858234,153.59985,159.06837,37.821224,163.19688,65.22077
image_76.png,201.92538,123.82024,-64.12481,204.55492,120.74275,-59.848675,204.46909,120.3928,-59.854935,204.42824,120.03905,-59.86389,204.30914,120.37083,-74.73597,204.0234,119.788635,-74.753914,203.77827,119.24944,-74.748055,200.60796,115.999535,-29.200573,199.56386,115.62962,-96.75121,197.29712,123.626274,-50.2876,196.79355,122.99645,-69.88932,176.47913,113.24754,15.680871,172.5927,117.67544,-115.38891,170.37125,140.8892,48.39073,165.08455,148.0286,-139.09038,170.95522,168.88725,28.960497,163.36554,183.49635,-137.8941,176.19487,170.4896,28.582808,167.38593,190.72481,-158.33397,176.71577,171.6842,12.460291,169.68483,187.6502,-150.39677,174.29745,171.5569,21.550169,167.68233,185.41573,-135.5782,119.830284,123.17159,42.81324,115.279625,127.39265,-42.815083,82.93806,138.26276,95.54501,78.594025,139.73256,12.083471,48.047546,146.22073,160.30363,38.968132,151.031,69.89491,40.315887,145.02776,166.30515,31.051056,149.55873,74.03675,46.671265,158.41727,152.28264,40.708355,163.89668,48.786587
image_77.png,186.85944,123.432335,-48.500122,189.82632,120.4076,-43.967857,189.97832,120.02296,-43.979053,190.19476,119.66559,-43.98464,189.1898,120.299095,-59.35395,188.85867,119.841125,-59.363857,188.60019,119.44735,-59.371475,187.49837,115.92817,-14.796368,185.71834,116.433014,-84.825485,183.57019,123.17592,-35.44834,182.52367,122.7652,-55.772064,166.0556,114.03496,29.575672,160.01845,120.21297,-108.620674,164.68457,140.3366,60.037773,156.80153,144.73811,-136.68123,164.46147,170.45953,35.930305,158.62683,178.63614,-136.98737,169.64,173.66559,35.440174,164.21074,184.08559,-157.16087,170.26979,174.71947,19.372387,165.84242,181.8154,-149.94896,167.84619,174.15152,28.232079,163.36932,180.29318,-134.92429,108.493355,123.220055,45.492687,104.19209,128.2309,-45.49423,73.32196,138.8772,94.71129,69.60318,138.82744,2.0703108,39.487118,146.81136,155.15613,27.522816,150.23166,51.759834,26.102303,145.60196,160.3889,18.889763,149.24731,54.840466,38.948936,158.06236,146.49567,29.557074,162.86882,26.196507
image_78.png,209.90463,151.86795,-42.922127,212.48552,149.15256,-39.91569,212.39224,148.84016,-39.917442,212.2919,148.45578,-39.93205,212.23317,148.3598,-52.671043,211.97084,147.56735,-52.676163,211.70718,146.74873,-52.67319,209.2865,143.57736,-16.688179,208.62296,142.81442,-74.87755,205.57956,150.97095,-32.149395,204.98184,149.96233,-49.03169,188.1104,138.56804,23.914452,184.29192,141.0408,-99.64122,186.71155,159.88066,61.409447,174.37668,171.76836,-126.80419,187.45667,182.50818,48.993603,176.87535,206.49924,-122.16235,192.70917,185.26122,48.84552,182.18477,215.15411,-137.86159,193.75383,186.43466,35.86325,184.30437,211.16592,-131.04065,190.92421,185.93657,42.78816,181.8527,208.74219,-119.844826,128.75293,141.66722,40.81496,122.68147,143.15047,-40.824726,93.32856,152.66698,79.34328,86.12676,151.78664,-4.9123387,51.597908,156.10843,129.90768,43.19866,151.5664,37.281822,43.738293,153.72217,134.20491,35.36047,144.321,40.175762,49.58758,172.13515,124.82303,34.736275,169.13737,15.58686
image_8.png,101.97388,102.37361,-122.698494,99.27443,98.4172,-133.13516,100.28113,97.70667,-133.11798,101.36154,97.03208,-133.10732,96.71886,98.81592,-123.757225,96.07232,98.33392,-123.835526,95.53205,97.7856,-123.90893,106.318825,90.60002,-147.58969,99.29975,90.89269,-105.85237,108.75537,99.8133,-123.78129,106.70954,100.83411,-111.666016,145.24716,88.33219,-141.80202,104.97417,75.7525,-69.7875,155.27687,139.83127,-130.90567,108.505974,108.33625,-20.104069,156.2384,180.68243,-130.15742,107.99491,146.39456,-36.48622,150.69917,189.61072,-155.54254,98.19658,149.20805,-48.333897,145.59473,185.10957,-158.28386,100.94796,151.83636,-67.505196,146.79385,181.77695,-132.82579,105.412926,151.63876,-44.44936,203.32692,74.16373,-30.305744,186.27666,66.22986,30.070276,237.06548,84.216255,80.79014,224.48006,80.19872,124.14184,259.69983,87.8669,181.73265,243.86575,84.285576,235.18169,269.9889,82.57533,191.55806,258.23883,81.55549,248.25279,256.8129,101.80311,182.09004,246.61299,98.66598,249.94098
image_81.png,238.02124,72.50718,-174.21414,242.41652,67.84827,-173.55446,242.72678,67.37214,-173.54411,242.955,66.759285,-173.62079,240.65787,67.08663,-185.40868,239.75749,66.09679,-185.45387,238.77025,64.92206,-185.45659,237.22713,59.053253,-143.48021,231.70857,56.820107,-197.37057,232.71053,73.19577,-159.64943,231.0005,71.97579,-175.31277,218.41179,47.553566,-87.51182,180.84192,61.655193,-193.02214,229.43317,71.22774,-4.201065,161.5859,107.0367,-197.52359,231.74617,98.84656,34.95301,153.06038,154.88814,-203.22462,240.72281,104.37933,36.120796,159.31926,164.9907,-229.06122,238.73672,105.28368,19.171423,164.82607,161.81917,-225.66469,234.86253,103.49341,29.416058,162.29727,158.77771,-203.59985,140.00922,37.887463,36.852306,121.694916,42.098385,-36.903744,109.40822,47.934963,151.4337,81.23534,29.798634,71.267075,85.46649,42.18621,265.35727,45.709496,8.041896,177.11359,80.400925,38.74406,277.80658,40.084133,1.944421,187.042,79.895,64.567665,280.63428,31.6149,24.861313,165.75932
image_82.png,223.20322,85.28977,-195.81293,226.70523,80.88987,-193.05939,226.90512,80.50243,-193.03722,227.03137,79.98861,-193.09712,224.60062,80.15407,-206.89401,223.32457,79.26211,-206.94202,222.01308,78.24988,-206.96587,220.02383,73.31997,-154.32993,213.88795,71.40331,-216.99088,217.78343,86.31107,-177.39836,216.03175,85.230286,-195.69252,201.42612,65.77835,-84.4786,167.60495,78.99803,-214.28877,214.5279,83.53143,21.751833,148.64438,120.15466,-228.3604,217.00963,111.98133,92.127914,142.05595,165.71243,-241.47113,225.481,116.37197,101.75719,145.75003,174.96849,-272.15717,223.45778,117.128,82.89196,150.19269,172.48497,-267.31332,219.22952,115.36921,86.956116,148.90918,169.67505,-241.30054,123.79399,51.604706,45.153545,107.82054,64.86029,-45.24043,93.70417,41.981163,196.16748,82.11295,76.36404,95.24032,67.76647,26.417868,358.98706,48.51605,83.02203,236.29944,60.469444,20.047878,377.59586,39.296272,78.564705,251.63419,67.5781,38.66673,378.19943,52.426815,99.21931,238.20265
image_9.png,89.406,107.333916,-114.96883,85.861115,105.36897,-126.390594,86.88217,105.333115,-126.39193,88.04585,105.28909,-126.390396,83.00652,104.09149,-116.835526,82.22931,103.28368,-116.87941,81.6404,102.545296,-116.90885,93.92795,100.06576,-144.9839,87.11458,96.33647,-101.96134,96.13934,106.0838,-117.762344,94.05452,105.09544,-105.30112,134.92873,100.39046,-139.82127,97.292305,78.972374,-64.51846,136.71436,145.78531,-139.32024,96.874214,109.919945,-22.59911,137.18884,184.82388,-152.8267,91.45346,141.08092,-42.59858,133.14801,192.61404,-178.95992,81.852516,143.8288,-53.51353,128.35461,189.87738,-177.4082,84.91131,146.49287,-70.89533,129.90417,186.83557,-154.26279,89.24087,146.38571,-50.021915,189.1493,83.78486,-28.2854,171.25288,74.462494,28.098747,215.06534,90.4429,79.74119,200.76724,89.97252,124.93751,243.489,93.46037,184.04248,231.21397,91.118454,232.18216,250.1575,90.15334,193.92564,236.90419,87.393776,244.38654,242.04066,108.29537,179.16687,233.12929,104.843605,238.78818
